,split0_test_score,split1_test_score,split2_test_score,mean_test_score,std_test_score,rank_test_score,split0_train_score,split1_train_score,split2_train_score,mean_train_score,std_train_score,mean_fit_time,std_fit_time,mean_score_time,std_score_time,param_betaa1,param_betaa2,param_decay,param_drop_end,param_drop_middle,param_loss_mu,param_lr,param_n_conv2,param_n_conv3,param_n_resid,params,rank_train_score
0,0.9812658758536036,0.9862319308270285,0.9857351160578379,0.9844109742461566,0.002233150114800694,69,0.9824035972833602,0.9883504709729716,0.9856373609422229,0.9854638097328516,0.002430900613182085,1477.532258907954,129.75696738388353,4.773389101028442,0.10108117781218326,93,1360,0.03795403684707464,0.268317763769018,0.43073931839172386,1.3223479507548144,0.0002986050526821056,40,64,2,"OrderedDict([('betaa1', 93), ('betaa2', 1360), ('decay', 0.03795403684707464), ('drop_end', 0.268317763769018), ('drop_middle', 0.43073931839172386), ('loss_mu', 1.3223479507548144), ('lr', 0.0002986050526821056), ('n_conv2', 40), ('n_conv3', 64), ('n_resid', 2)])",69
1,0.9749250545890166,0.9760164520709238,0.9728882351448522,0.974609913934931,0.0012963848471893775,131,0.9740566847178738,0.9771906420325908,0.9729005802035924,0.9747159689846856,0.0018123924211764005,1237.3626313209534,53.88999945881849,4.548797210057576,0.04969482379620168,26,1089,0.003598326336585827,0.013390775053061126,0.6015495399083765,1.187589598755364,2.742180207740325e-05,54,51,2,"OrderedDict([('betaa1', 26), ('betaa2', 1089), ('decay', 0.003598326336585827), ('drop_end', 0.013390775053061126), ('drop_middle', 0.6015495399083765), ('loss_mu', 1.187589598755364), ('lr', 2.742180207740325e-05), ('n_conv2', 54), ('n_conv3', 51), ('n_resid', 2)])",131
2,0.9769099586674269,0.967362252253819,0.9666480275080599,0.9703067461431019,0.004678271830346142,135,0.9765719147072955,0.9696274995108588,0.9660487760136192,0.9707493967439245,0.004368684168240869,1702.4705385367076,287.8574418815172,5.968234062194824,0.1538585017172779,20,1452,0.0010747432773211053,0.29184445835604766,0.3043093723463727,0.1509484996480148,2.2189239388159263e-05,56,41,3,"OrderedDict([('betaa1', 20), ('betaa2', 1452), ('decay', 0.0010747432773211053), ('drop_end', 0.29184445835604766), ('drop_middle', 0.3043093723463727), ('loss_mu', 0.1509484996480148), ('lr', 2.2189239388159263e-05), ('n_conv2', 56), ('n_conv3', 41), ('n_resid', 3)])",135
3,0.9588978340636172,0.9484679036474463,0.9134103309724283,0.9402586895611639,0.019456303713767453,145,0.9584528880564871,0.9511373284512397,0.91219699961783,0.9405957387085189,0.020301816659932186,1432.5191442966461,254.78262576956223,4.560261170069377,0.09001788370822174,42,1285,0.0694617827219013,0.21945728878849946,0.34024232430747536,0.04483379174677997,9.269409845291493e-06,38,55,2,"OrderedDict([('betaa1', 42), ('betaa2', 1285), ('decay', 0.0694617827219013), ('drop_end', 0.21945728878849946), ('drop_middle', 0.34024232430747536), ('loss_mu', 0.04483379174677997), ('lr', 9.269409845291493e-06), ('n_conv2', 38), ('n_conv3', 55), ('n_resid', 2)])",145
4,0.9901516354652364,0.9921256501223726,0.991366720335326,0.9912146686409784,0.0008130285993176522,7,0.9912835157254375,0.993794263074042,0.9908074933120244,0.9919617573705013,0.0013102689799298634,1472.5576923688252,46.09498478202448,5.726199547449748,0.15227069010271696,44,1060,0.004694233454449477,0.37427733120125,0.5058870189644062,0.13354481057344986,0.0010865813837127249,51,38,3,"OrderedDict([('betaa1', 44), ('betaa2', 1060), ('decay', 0.004694233454449477), ('drop_end', 0.37427733120125), ('drop_middle', 0.5058870189644062), ('loss_mu', 0.13354481057344986), ('lr', 0.0010865813837127249), ('n_conv2', 51), ('n_conv3', 38), ('n_resid', 3)])",9
5,0.9920602169582172,0.9827494695803867,0.986015777604971,0.9869418213811916,0.0038570862914945095,42,0.9934512742494467,0.9850045448192973,0.9862363659104331,0.9882307283263924,0.003725580098112778,1526.9901313781738,81.0285074472259,5.915099620819092,0.07068046695898295,82,834,0.0005941353205317311,0.034064839611589154,0.4228048741588424,0.7827082076400117,0.0008753922099741411,38,57,3,"OrderedDict([('betaa1', 82), ('betaa2', 834), ('decay', 0.0005941353205317311), ('drop_end', 0.034064839611589154), ('drop_middle', 0.4228048741588424), ('loss_mu', 0.7827082076400117), ('lr', 0.0008753922099741411), ('n_conv2', 38), ('n_conv3', 57), ('n_resid', 3)])",43
6,0.9847888136888162,0.9795691926096965,0.9859359067444884,0.9834313043476669,0.002770786401850562,81,0.985755879942463,0.9824253962042652,0.9856065205155821,0.98459593222077,0.0015360115036045713,1992.668927748998,254.13876497093682,7.379621267318726,0.05541345205106814,26,476,0.09721404702460719,0.3930035483589434,0.3366707676168256,1.1744749900408815,0.0004497622863093387,55,39,4,"OrderedDict([('betaa1', 26), ('betaa2', 476), ('decay', 0.09721404702460719), ('drop_end', 0.3930035483589434), ('drop_middle', 0.3366707676168256), ('loss_mu', 1.1744749900408815), ('lr', 0.0004497622863093387), ('n_conv2', 55), ('n_conv3', 39), ('n_resid', 4)])",80
7,0.9907096856689916,0.989460708293388,0.9916476743261109,0.9906060227628302,0.000895829078063582,10,0.9917451088791918,0.9915974047572463,0.9919979529583434,0.9917801555315938,0.0001653902782994605,1213.3412365118663,21.735533360958957,4.559421221415202,0.030698452491084403,44,446,0.00623222490980511,0.2735063409797671,0.3054374222579492,0.7322518046572213,0.002304698536944645,55,48,2,"OrderedDict([('betaa1', 44), ('betaa2', 446), ('decay', 0.00623222490980511), ('drop_end', 0.2735063409797671), ('drop_middle', 0.3054374222579492), ('loss_mu', 0.7322518046572213), ('lr', 0.002304698536944645), ('n_conv2', 55), ('n_conv3', 48), ('n_resid', 2)])",10
8,0.8041319868427932,0.785313976518443,0.820680745608936,0.8033755696567242,0.014448326643469771,149,0.8067512911882144,0.7837777790200408,0.8221765820102143,0.8042352174061564,0.015776881572459305,1024.8627611796062,3.991887621519606,4.018238226572673,0.040971190067924546,96,143,0.009622058345755516,0.026580278698108913,0.3166641856892369,0.2681685932659989,1.8608747548243765e-06,33,36,2,"OrderedDict([('betaa1', 96), ('betaa2', 143), ('decay', 0.009622058345755516), ('drop_end', 0.026580278698108913), ('drop_middle', 0.3166641856892369), ('loss_mu', 0.2681685932659989), ('lr', 1.8608747548243765e-06), ('n_conv2', 33), ('n_conv3', 36), ('n_resid', 2)])",149
9,0.9800620542134113,0.9819012585731286,0.9820472497609161,0.9813368541824853,0.0009033879113615356,99,0.9794087584576835,0.9834968038125051,0.9818277358162805,0.9815777660288231,0.0016782714076793153,1020.2801440556844,44.52704632626363,3.180869738260905,0.06816881325856583,44,801,0.005987083432838496,0.3981862053760126,0.35237124719992563,0.4080956701078821,5.365609216421652e-05,33,50,1,"OrderedDict([('betaa1', 44), ('betaa2', 801), ('decay', 0.005987083432838496), ('drop_end', 0.3981862053760126), ('drop_middle', 0.35237124719992563), ('loss_mu', 0.4080956701078821), ('lr', 5.365609216421652e-05), ('n_conv2', 33), ('n_conv3', 50), ('n_resid', 1)])",105
10,0.9743537995164794,0.9719049355590045,0.9569774164663953,0.9677453838472929,0.007679456352616507,138,0.9744186590313572,0.9736624479414149,0.9561955015113086,0.9680922028280269,0.008417901182105614,1325.0403322378795,186.35519527818545,5.966523011525472,0.05224700484257594,100,1500,0.1,0.4,0.7,2.0,0.003,32,32,4,"OrderedDict([('betaa1', 100), ('betaa2', 1500), ('decay', 0.1), ('drop_end', 0.4), ('drop_middle', 0.7), ('loss_mu', 2.0), ('lr', 0.003), ('n_conv2', 32), ('n_conv3', 32), ('n_resid', 4)])",138
11,0.9832341460211285,0.9879941896372828,0.9624857838641652,0.9779047065075255,0.011074652302092676,123,0.9840440042941963,0.9901134206333677,0.9607172205815933,0.9782915485030523,0.012671548316149962,1066.628915309906,50.97443269054781,3.6995372772216797,0.048650902527182745,10,100,0.0025877685165503353,0.4,0.7,0.01,0.0007990255606757576,64,64,1,"OrderedDict([('betaa1', 10), ('betaa2', 100), ('decay', 0.0025877685165503353), ('drop_end', 0.4), ('drop_middle', 0.7), ('loss_mu', 0.01), ('lr', 0.0007990255606757576), ('n_conv2', 64), ('n_conv3', 64), ('n_resid', 1)])",124
12,0.98543559660931,0.9818262532210045,0.9845210924759018,0.9839276474354055,0.0015320950113583117,77,0.9857192502912956,0.9840019188305337,0.9845317569398604,0.9847509753538967,0.0007180294196944217,1154.1413145065308,36.756180270285014,3.3206686973571777,0.0029840103107341095,58,1500,0.0001,0.0,0.7,2.0,0.00029099652898577946,39,64,1,"OrderedDict([('betaa1', 58), ('betaa2', 1500), ('decay', 0.0001), ('drop_end', 0.0), ('drop_middle', 0.7), ('loss_mu', 2.0), ('lr', 0.00029099652898577946), ('n_conv2', 39), ('n_conv3', 64), ('n_resid', 1)])",78
13,0.9782050584073133,0.984119882416517,0.9788023624857961,0.9803757677698756,0.002658695031519526,109,0.9789516608373653,0.9853893017860637,0.9791024590904353,0.9811478072379547,0.002999821331291862,2136.2985994815826,176.66732160825413,7.7407768567403155,0.057354965655806986,32,335,0.0001,0.0012598387140096785,0.3,2.0,0.00014200933107658888,64,32,4,"OrderedDict([('betaa1', 32), ('betaa2', 335), ('decay', 0.0001), ('drop_end', 0.0012598387140096785), ('drop_middle', 0.3), ('loss_mu', 2.0), ('lr', 0.00014200933107658888), ('n_conv2', 64), ('n_conv3', 32), ('n_resid', 4)])",109
14,0.9869070724921509,0.9870837558801638,0.9774480278140008,0.9838129520621052,0.004501259065934082,78,0.988062298274819,0.9888901976129916,0.9768722759962477,0.9846082572946862,0.005480596641235199,1199.1855815251668,51.33479696777689,5.658944924672444,0.16906012174238091,10,1500,0.1,0.0,0.3,0.01,0.003,32,32,4,"OrderedDict([('betaa1', 10), ('betaa2', 1500), ('decay', 0.1), ('drop_end', 0.0), ('drop_middle', 0.3), ('loss_mu', 0.01), ('lr', 0.003), ('n_conv2', 32), ('n_conv3', 32), ('n_resid', 4)])",79
15,0.9829039631679307,0.9818127422494951,0.9749062481890989,0.9798743178688415,0.0035410900421849233,112,0.9840001295093849,0.9842868379126254,0.9741203807803216,0.9808024494007773,0.004726385596731125,1010.0362315972646,58.51929254165514,2.9947537581125894,0.08259987143117388,10,1500,0.008195211051164981,0.3950426915645956,0.3,1.8438016677226141,0.0014132677057495998,41,32,1,"OrderedDict([('betaa1', 10), ('betaa2', 1500), ('decay', 0.008195211051164981), ('drop_end', 0.3950426915645956), ('drop_middle', 0.3), ('loss_mu', 1.8438016677226141), ('lr', 0.0014132677057495998), ('n_conv2', 41), ('n_conv3', 32), ('n_resid', 1)])",111
16,0.9849920163896876,0.9834491210618186,0.9812472589031546,0.9832294654515535,0.00153666057813189,84,0.9852619443891106,0.9857755289711265,0.9814506840843554,0.9841627191481975,0.0019291263862783203,1967.21834508578,83.3775884994861,7.538938601811727,0.0922201707207897,100,1500,0.09118737481365767,0.38136029644450714,0.7,0.01,0.00012591533752530148,32,64,4,"OrderedDict([('betaa1', 100), ('betaa2', 1500), ('decay', 0.09118737481365767), ('drop_end', 0.38136029644450714), ('drop_middle', 0.7), ('loss_mu', 0.01), ('lr', 0.00012591533752530148), ('n_conv2', 32), ('n_conv3', 64), ('n_resid', 4)])",86
17,0.9848085765311512,0.9724504174033946,0.9887042345930787,0.9819877428425415,0.006928899399520544,94,0.9854149057529866,0.9747172065852362,0.9889186895042212,0.9830169339474814,0.006040597699982712,1210.064119418462,322.24354341656345,2.8631091117858887,0.013446008729523432,34,291,0.0011126233462106035,0.30054550556012805,0.3231519396963056,0.031942020778327515,0.0002131020001434958,33,34,1,"OrderedDict([('betaa1', 34), ('betaa2', 291), ('decay', 0.0011126233462106035), ('drop_end', 0.30054550556012805), ('drop_middle', 0.3231519396963056), ('loss_mu', 0.031942020778327515), ('lr', 0.0002131020001434958), ('n_conv2', 33), ('n_conv3', 34), ('n_resid', 1)])",92
18,0.9845821152545846,0.9804966624230725,0.9922094248380222,0.9857627341718931,0.004854042756177197,53,0.98589876130273,0.9830717444168041,0.9919858027307784,0.9869854361501043,0.003719386649630133,2056.816524426142,255.01811100991432,7.475231568018596,0.07947651973617227,100,1231,0.0001,0.07898453674852893,0.3,0.01,0.0013857001101690981,32,64,4,"OrderedDict([('betaa1', 100), ('betaa2', 1231), ('decay', 0.0001), ('drop_end', 0.07898453674852893), ('drop_middle', 0.3), ('loss_mu', 0.01), ('lr', 0.0013857001101690981), ('n_conv2', 32), ('n_conv3', 64), ('n_resid', 4)])",52
19,0.9797183830535917,0.9863593676447217,0.9826535079470887,0.9829104195484674,0.0027172500514427603,86,0.980482083839887,0.9886986192246414,0.9824299871451897,0.9838702300699061,0.003505575387282091,1026.5961728890736,10.994283814214747,3.6865270137786865,0.031144559988980115,100,100,0.1,0.0,0.3,0.01,0.0006131767552383008,64,32,1,"OrderedDict([('betaa1', 100), ('betaa2', 100), ('decay', 0.1), ('drop_end', 0.0), ('drop_middle', 0.3), ('loss_mu', 0.01), ('lr', 0.0006131767552383008), ('n_conv2', 64), ('n_conv3', 32), ('n_resid', 1)])",88
20,0.976921190586538,0.9793606899629472,0.979097365019708,0.9784597485230645,0.001093223185346658,121,0.9768487716307148,0.9815354333789865,0.9783354563457597,0.9789065537851537,0.001955473310077822,2108.0211085478463,82.23045111255735,7.820826371510823,0.021296636211082604,28,100,0.1,0.0,0.7,2.0,6.764067469148832e-05,64,64,4,"OrderedDict([('betaa1', 28), ('betaa2', 100), ('decay', 0.1), ('drop_end', 0.0), ('drop_middle', 0.7), ('loss_mu', 2.0), ('lr', 6.764067469148832e-05), ('n_conv2', 64), ('n_conv3', 64), ('n_resid', 4)])",122
21,0.9840358916336441,0.9880494400586358,0.9921693263142058,0.9880848860021619,0.003320555399018398,27,0.9854809366960565,0.9904812281633452,0.992559029982976,0.9895070649474592,0.0029705887882115725,2068.6304971377053,88.87884323668334,7.8370193640391035,0.14538447013348907,10,100,0.1,0.0,0.3,0.01,0.0014924940833320112,64,64,4,"OrderedDict([('betaa1', 10), ('betaa2', 100), ('decay', 0.1), ('drop_end', 0.0), ('drop_middle', 0.3), ('loss_mu', 0.01), ('lr', 0.0014924940833320112), ('n_conv2', 64), ('n_conv3', 64), ('n_resid', 4)])",24
22,0.9815418053696598,0.9738592725675146,0.9918483356626845,0.982416471199953,0.007370001266237462,91,0.9827288175357026,0.9772422589932078,0.9933655282632109,0.9844455349307072,0.006693294751664514,1962.8187556266785,27.04372042513249,7.8055033683776855,0.04908370180355815,50,100,0.0001,0.0,0.3,0.01,0.0015073012462266488,64,49,4,"OrderedDict([('betaa1', 50), ('betaa2', 100), ('decay', 0.0001), ('drop_end', 0.0), ('drop_middle', 0.3), ('loss_mu', 0.01), ('lr', 0.0015073012462266488), ('n_conv2', 64), ('n_conv3', 49), ('n_resid', 4)])",83
23,0.9851175904680233,0.9771185692612876,0.9904018756166062,0.984212678448639,0.005460507073793999,73,0.9866308035673198,0.9812443203734242,0.9904598797901538,0.9861116679102994,0.0037801023102213252,2015.8532804648082,167.26999435454923,7.538946628570557,0.0560091219910455,10,1500,0.1,0.0,0.3,0.01,0.0007657684699717665,32,64,4,"OrderedDict([('betaa1', 10), ('betaa2', 1500), ('decay', 0.1), ('drop_end', 0.0), ('drop_middle', 0.3), ('loss_mu', 0.01), ('lr', 0.0007657684699717665), ('n_conv2', 32), ('n_conv3', 64), ('n_resid', 4)])",65
24,0.978228911646712,0.9835925264022176,0.9881674430220785,0.9833296270236693,0.00406164486689952,82,0.9793865114382082,0.9863959694775973,0.9872597422089429,0.9843474077082495,0.0035255632821282134,1027.5109415054321,13.375974307649415,3.7430026531219482,0.020410280730054617,16,1459,0.00025988965372376915,0.08823455020954166,0.34072581311778627,0.273812628340509,0.0028483908694452984,64,58,1,"OrderedDict([('betaa1', 16), ('betaa2', 1459), ('decay', 0.00025988965372376915), ('drop_end', 0.08823455020954166), ('drop_middle', 0.34072581311778627), ('loss_mu', 0.273812628340509), ('lr', 0.0028483908694452984), ('n_conv2', 64), ('n_conv3', 58), ('n_resid', 1)])",84
25,0.9906248321603379,0.9786222903496435,0.986119392640426,0.9851221717168024,0.004950494228340647,63,0.9915589999455503,0.9811908181233754,0.9857628322273563,0.986170883432094,0.004242615381553028,1166.6318264802296,90.99194276168663,3.6230363845825195,0.04426958596424955,100,1500,0.0001,0.4,0.3,0.01,0.001257243751419626,64,64,1,"OrderedDict([('betaa1', 100), ('betaa2', 1500), ('decay', 0.0001), ('drop_end', 0.4), ('drop_middle', 0.3), ('loss_mu', 0.01), ('lr', 0.001257243751419626), ('n_conv2', 64), ('n_conv3', 64), ('n_resid', 1)])",63
26,0.9803804938478649,0.9816085820178688,0.9841759527274283,0.9820550095310541,0.00158131805150235,93,0.9807233175748483,0.9831551289934874,0.984160273772713,0.9826795734470163,0.0014428633071881102,984.756040652593,1.9333649620284032,2.951753854751587,0.04838250954234563,76,1288,0.024413785395986008,0.03188962872754338,0.30426213611590436,0.4062713648449365,7.54510097493432e-05,34,41,1,"OrderedDict([('betaa1', 76), ('betaa2', 1288), ('decay', 0.024413785395986008), ('drop_end', 0.03188962872754338), ('drop_middle', 0.30426213611590436), ('loss_mu', 0.4062713648449365), ('lr', 7.54510097493432e-05), ('n_conv2', 34), ('n_conv3', 41), ('n_resid', 1)])",96
27,0.9838197786170404,0.969323439269284,0.9914348259627336,0.9815260146163527,0.00917149098547425,97,0.9846322300269181,0.9721974103474298,0.9913690886981897,0.9827329096908458,0.00794119537603387,1414.7983295122783,141.2070354033527,4.892693916956584,0.04894523825361309,37,388,0.0001760978478433403,0.004503891763973123,0.6685421465621916,0.08876184395144773,0.00028240704364254393,62,37,2,"OrderedDict([('betaa1', 37), ('betaa2', 388), ('decay', 0.0001760978478433403), ('drop_end', 0.004503891763973123), ('drop_middle', 0.6685421465621916), ('loss_mu', 0.08876184395144773), ('lr', 0.00028240704364254393), ('n_conv2', 62), ('n_conv3', 37), ('n_resid', 2)])",94
28,0.9806661825177853,0.9846297631289835,0.9728137295005999,0.9793698917157896,0.0049101894097395415,114,0.9816906218956566,0.9869721245492914,0.9747149053260604,0.9811258839236695,0.005019897243592332,1928.8540581067402,4.255427651163981,7.49665093421936,0.08305107428508998,26,1307,0.00011116056273873301,0.3675783866025024,0.3218083923049563,1.566058558175479,0.0005154701006616665,47,61,4,"OrderedDict([('betaa1', 26), ('betaa2', 1307), ('decay', 0.00011116056273873301), ('drop_end', 0.3675783866025024), ('drop_middle', 0.3218083923049563), ('loss_mu', 1.566058558175479), ('lr', 0.0005154701006616665), ('n_conv2', 47), ('n_conv3', 61), ('n_resid', 4)])",110
29,0.9898808133879051,0.9887450048881917,0.9853336865302793,0.9879865016021252,0.0019322846738279507,28,0.9911585563907246,0.9905702783911452,0.9853997859847828,0.9890428735888842,0.0025872228636854453,1929.137101093928,145.85296825635626,7.223405838012695,0.03164004584330079,13,1187,0.02668979599573404,0.3879723371639828,0.6882324832425855,0.0583599793959163,0.0017213310722472576,33,56,4,"OrderedDict([('betaa1', 13), ('betaa2', 1187), ('decay', 0.02668979599573404), ('drop_end', 0.3879723371639828), ('drop_middle', 0.6882324832425855), ('loss_mu', 0.0583599793959163), ('lr', 0.0017213310722472576), ('n_conv2', 33), ('n_conv3', 56), ('n_resid', 4)])",31
30,0.9798291850186184,0.985755644061006,0.9862499743549414,0.9839449344781886,0.002917263080393457,75,0.9807898098133266,0.9877439332532074,0.9861875106833895,0.9849070845833078,0.0029798855070402213,1013.8118703365326,42.998229942086724,2.682533105214437,0.07610524453245207,10,100,0.1,0.0,0.3,0.01,0.003,32,32,1,"OrderedDict([('betaa1', 10), ('betaa2', 100), ('decay', 0.1), ('drop_end', 0.0), ('drop_middle', 0.3), ('loss_mu', 0.01), ('lr', 0.003), ('n_conv2', 32), ('n_conv3', 32), ('n_resid', 1)])",76
31,0.9867619189724353,0.9881851891818464,0.9885680177143468,0.9878383752895429,0.0007770491504423027,29,0.9874128334798167,0.9904185580121306,0.9874226633776882,0.9884180182898786,0.0014146008958841755,1092.0850983460743,83.93150449602176,3.576708714167277,0.1126628803477795,10,882,0.1,0.0,0.3,0.01,0.0017855125001902754,64,32,1,"OrderedDict([('betaa1', 10), ('betaa2', 882), ('decay', 0.1), ('drop_end', 0.0), ('drop_middle', 0.3), ('loss_mu', 0.01), ('lr', 0.0017855125001902754), ('n_conv2', 64), ('n_conv3', 32), ('n_resid', 1)])",38
32,0.9846679469016666,0.9775168649172848,0.9718841298658575,0.9780229805616029,0.005231227343898591,122,0.9851755353719027,0.9802191016574893,0.9715151499148803,0.9789699289814241,0.0056463473142423825,1030.7403937975566,51.16679008382014,3.3460832436879477,0.04521297771124218,100,1012,0.1,0.4,0.3,0.01,0.0018212410488813158,32,64,1,"OrderedDict([('betaa1', 100), ('betaa2', 1012), ('decay', 0.1), ('drop_end', 0.4), ('drop_middle', 0.3), ('loss_mu', 0.01), ('lr', 0.0018212410488813158), ('n_conv2', 32), ('n_conv3', 64), ('n_resid', 1)])",121
33,0.9708757393392694,0.9671974350816167,0.972175876152183,0.9700830168576896,0.002108320907401085,136,0.9704886458090093,0.9693297761131454,0.9713633895007469,0.9703939371409672,0.0008329158226414334,2065.244158188502,106.15058258789813,7.682891686757405,0.11068778654033062,100,100,0.00012732856491274027,0.4,0.7,2.0,3.1556868367733244e-05,64,64,4,"OrderedDict([('betaa1', 100), ('betaa2', 100), ('decay', 0.00012732856491274027), ('drop_end', 0.4), ('drop_middle', 0.7), ('loss_mu', 2.0), ('lr', 3.1556868367733244e-05), ('n_conv2', 64), ('n_conv3', 64), ('n_resid', 4)])",136
34,0.9817806212014883,0.9897813520036648,0.9844821693506095,0.9853480475185875,0.0033231743954196874,61,0.9830685560126301,0.9922281563574363,0.9847453455164508,0.9866806859621725,0.003981936430078386,1951.3997241655986,88.62304797169797,7.398255666097005,0.10286835413400126,55,1500,0.1,0.0,0.48786106066683366,0.01,0.001187246980603774,32,64,4,"OrderedDict([('betaa1', 55), ('betaa2', 1500), ('decay', 0.1), ('drop_end', 0.0), ('drop_middle', 0.48786106066683366), ('loss_mu', 0.01), ('lr', 0.001187246980603774), ('n_conv2', 32), ('n_conv3', 64), ('n_resid', 4)])",56
35,0.9833756315217378,0.9864031365203273,0.9867869627630148,0.98552191026836,0.0015257162230234555,59,0.9838356553304038,0.9888484682896834,0.9866688920543377,0.9864510052248083,0.0020522637004118317,1392.05779504776,186.96099062368646,4.697430372238159,0.027034612916957586,100,214,0.00016433689939232085,0.07924400055887715,0.6427002198637486,1.7993311591802308,0.00018410376591897077,57,46,2,"OrderedDict([('betaa1', 100), ('betaa2', 214), ('decay', 0.00016433689939232085), ('drop_end', 0.07924400055887715), ('drop_middle', 0.6427002198637486), ('loss_mu', 1.7993311591802308), ('lr', 0.00018410376591897077), ('n_conv2', 57), ('n_conv3', 46), ('n_resid', 2)])",60
36,0.9829891612480762,0.9808277535059691,0.9826060589645588,0.9821409912395347,0.0009416782354054547,92,0.9824291851998854,0.9824008217569948,0.9822794079838794,0.9823698049802533,6.496067496679214e-05,1043.3047711849213,92.11232348612607,3.004817247390747,0.019875622877633108,12,1334,0.016117920404758082,0.3983147783465314,0.4936421854836507,0.5443819676637878,9.250340308003871e-05,36,39,1,"OrderedDict([('betaa1', 12), ('betaa2', 1334), ('decay', 0.016117920404758082), ('drop_end', 0.3983147783465314), ('drop_middle', 0.4936421854836507), ('loss_mu', 0.5443819676637878), ('lr', 9.250340308003871e-05), ('n_conv2', 36), ('n_conv3', 39), ('n_resid', 1)])",99
37,0.9806236168233408,0.9801584933703277,0.981883498187569,0.9808885361270792,0.0007287190052854862,103,0.9808321036129651,0.9823975263437403,0.9815085432373275,0.9815793910646776,0.0006410416744055984,1611.6755629380543,24.841281598104274,6.2843319574991865,0.12220587114345118,13,613,0.00010423506188390652,0.22787802849777405,0.621169812549649,0.013416614109275356,4.92195380395035e-05,60,38,3,"OrderedDict([('betaa1', 13), ('betaa2', 613), ('decay', 0.00010423506188390652), ('drop_end', 0.22787802849777405), ('drop_middle', 0.621169812549649), ('loss_mu', 0.013416614109275356), ('lr', 4.92195380395035e-05), ('n_conv2', 60), ('n_conv3', 38), ('n_resid', 3)])",104
38,0.9836246789038304,0.9925602919597509,0.9913934845533964,0.989192818472326,0.003965979792482118,18,0.9840799154428183,0.9945400424853955,0.9915656019177987,0.9900618532820041,0.004400720350613413,1748.7838625907898,324.3846498730636,6.293959538141887,0.1656753335472455,18,182,0.02350914945161724,0.012928293935825244,0.6448023353941376,1.8370379243437411,0.0009700555610878768,39,34,4,"OrderedDict([('betaa1', 18), ('betaa2', 182), ('decay', 0.02350914945161724), ('drop_end', 0.012928293935825244), ('drop_middle', 0.6448023353941376), ('loss_mu', 1.8370379243437411), ('lr', 0.0009700555610878768), ('n_conv2', 39), ('n_conv3', 34), ('n_resid', 4)])",20
39,0.9875364489947047,0.9816935565765427,0.9765205877631498,0.981916864444799,0.004499977738555143,96,0.9882037076833733,0.983645234368449,0.976212753361359,0.9826872318043938,0.004941934376517647,1691.6459760665894,6.148864886300134,6.783021132151286,0.13747970963056116,98,128,0.0005909437381406356,0.23941424198843922,0.688242398088346,1.7446985932930148,0.00043843035942107576,36,51,4,"OrderedDict([('betaa1', 98), ('betaa2', 128), ('decay', 0.0005909437381406356), ('drop_end', 0.23941424198843922), ('drop_middle', 0.688242398088346), ('loss_mu', 1.7446985932930148), ('lr', 0.00043843035942107576), ('n_conv2', 36), ('n_conv3', 51), ('n_resid', 4)])",95
40,0.9856327859818892,0.9797785070267504,0.9874969765825522,0.9843027565303973,0.0032884065875270294,71,0.987085734497083,0.982264112418593,0.9874687294583608,0.9856061921246789,0.002368374105649231,1280.2566034793854,78.56176318540227,5.70819624265035,0.17690122684319962,10,100,0.0001,0.0,0.7,0.01,0.0017881623309682316,32,32,4,"OrderedDict([('betaa1', 10), ('betaa2', 100), ('decay', 0.0001), ('drop_end', 0.0), ('drop_middle', 0.7), ('loss_mu', 0.01), ('lr', 0.0017881623309682316), ('n_conv2', 32), ('n_conv3', 32), ('n_resid', 4)])",67
41,0.9864912747384547,0.984815269323814,0.9854824109990487,0.9855963183537725,0.0006889507488789559,58,0.9872248416221893,0.9871697459261538,0.9851831761803842,0.986525921242909,0.0009497305270905832,1788.4174195925395,142.27258295877635,6.2297046184539795,0.09532904452363726,98,572,0.0003868599510095572,0.001339621577770434,0.44817430924609,0.08251409276503047,9.175264299108424e-05,61,37,3,"OrderedDict([('betaa1', 98), ('betaa2', 572), ('decay', 0.0003868599510095572), ('drop_end', 0.001339621577770434), ('drop_middle', 0.44817430924609), ('loss_mu', 0.08251409276503047), ('lr', 9.175264299108424e-05), ('n_conv2', 61), ('n_conv3', 37), ('n_resid', 3)])",58
42,0.9841652170951567,0.9813741194015817,0.9819807694453433,0.982506701980694,0.0011986131868608682,90,0.9843596589572035,0.9838450177488329,0.9809874620435677,0.983064046249868,0.001483321805437664,1458.631002028783,64.029686309996,6.239501078923543,0.012156230250069178,99,1491,0.09039908700439421,0.2074234120160696,0.31092494236026585,1.3808096060143225,0.00027579463490322905,37,35,4,"OrderedDict([('betaa1', 99), ('betaa2', 1491), ('decay', 0.09039908700439421), ('drop_end', 0.2074234120160696), ('drop_middle', 0.31092494236026585), ('loss_mu', 1.3808096060143225), ('lr', 0.00027579463490322905), ('n_conv2', 37), ('n_conv3', 35), ('n_resid', 4)])",91
43,0.9766853647460414,0.9714664739531377,0.9884249565293759,0.9788589317428517,0.007091818193729115,118,0.9767728424064698,0.9754878790843279,0.9873778063440225,0.9798795092782734,0.005327984412482131,1039.5669700304668,5.391917039564072,3.7412548859914145,0.051188628909217326,54,1500,0.1,0.0,0.7,2.0,0.0012033056426496247,64,32,1,"OrderedDict([('betaa1', 54), ('betaa2', 1500), ('decay', 0.1), ('drop_end', 0.0), ('drop_middle', 0.7), ('loss_mu', 2.0), ('lr', 0.0012033056426496247), ('n_conv2', 64), ('n_conv3', 32), ('n_resid', 1)])",115
44,0.9716670310973325,0.9790823528297133,0.978396692525284,0.9763820254841099,0.0033457347537598323,128,0.9715875633013322,0.9815731755038152,0.9785156641072856,0.9772254676374775,0.004177444830086352,1941.1716337998707,117.29411342844082,7.558219830195109,0.09925212929995995,19,106,0.0052358143618847835,0.023512169672364455,0.3114308617554695,0.10507286544397619,0.00016328254593423082,42,61,4,"OrderedDict([('betaa1', 19), ('betaa2', 106), ('decay', 0.0052358143618847835), ('drop_end', 0.023512169672364455), ('drop_middle', 0.3114308617554695), ('loss_mu', 0.10507286544397619), ('lr', 0.00016328254593423082), ('n_conv2', 42), ('n_conv3', 61), ('n_resid', 4)])",129
45,0.9850041041799236,0.9839604418325655,0.9837524718237289,0.9842390059454059,0.0005476278313418694,72,0.9851626302833827,0.9858549403247898,0.9839624861897648,0.9849933522659792,0.000781808565091398,1426.27223833402,131.78857947842332,4.880217393239339,0.07232118769433862,98,379,0.00013917344932108238,0.23690186463389382,0.31623699325751364,1.6968022479594356,8.105907317948665e-05,62,35,2,"OrderedDict([('betaa1', 98), ('betaa2', 379), ('decay', 0.00013917344932108238), ('drop_end', 0.23690186463389382), ('drop_middle', 0.31623699325751364), ('loss_mu', 1.6968022479594356), ('lr', 8.105907317948665e-05), ('n_conv2', 62), ('n_conv3', 35), ('n_resid', 2)])",74
46,0.9821857872573817,0.9900697250642957,0.9902122034126466,0.9874892385781079,0.0037505574655351615,35,0.9833684721150168,0.9926317354725103,0.9910746635166592,0.9890249570347288,0.0040499369957339,2111.26238544782,155.83862861372606,7.528385241826375,0.1472766913958888,99,204,0.00011459377558556484,0.2508829029848533,0.31754029775287734,0.22887896332113913,0.0006513658499363707,59,37,4,"OrderedDict([('betaa1', 99), ('betaa2', 204), ('decay', 0.00011459377558556484), ('drop_end', 0.2508829029848533), ('drop_middle', 0.31754029775287734), ('loss_mu', 0.22887896332113913), ('lr', 0.0006513658499363707), ('n_conv2', 59), ('n_conv3', 37), ('n_resid', 4)])",32
47,0.9797571751344406,0.9787618648014129,0.9835299840676698,0.9806830080011745,0.0020537145545175637,105,0.9800309886513389,0.9809871453727254,0.9832573685856233,0.9814251675365625,0.0013530901502604405,1516.2912242412567,172.1993785593488,5.448342959086101,0.23282253258346663,100,1277,0.09333388004355411,0.030714280532081167,0.3477731678006698,0.1443063616672566,5.549734901132694e-05,45,33,3,"OrderedDict([('betaa1', 100), ('betaa2', 1277), ('decay', 0.09333388004355411), ('drop_end', 0.030714280532081167), ('drop_middle', 0.3477731678006698), ('loss_mu', 0.1443063616672566), ('lr', 5.549734901132694e-05), ('n_conv2', 45), ('n_conv3', 33), ('n_resid', 3)])",107
48,0.9748532836818412,0.9899747868591424,0.9789570370580997,0.9812617025330278,0.006384803666977647,101,0.976023509951249,0.9921029124856752,0.9790185498384462,0.9823816574251234,0.006981865364199004,1737.23353099823,107.01929564107935,6.976848761240642,0.06180770283642315,10,100,0.0001,0.01822004138940282,0.3,0.01,0.0017655154168648107,32,54,4,"OrderedDict([('betaa1', 10), ('betaa2', 100), ('decay', 0.0001), ('drop_end', 0.01822004138940282), ('drop_middle', 0.3), ('loss_mu', 0.01), ('lr', 0.0017655154168648107), ('n_conv2', 32), ('n_conv3', 54), ('n_resid', 4)])",98
49,0.9855563967052031,0.9839771164842348,0.9717947995780173,0.9804427709224851,0.006148934204946271,108,0.9873452481110065,0.9870122578751712,0.9723992245422645,0.9822522435094808,0.006968462656881752,1633.2877134482067,55.13925774465298,6.080360809961955,0.1658592715612848,14,155,0.011237175975402941,0.39724650486905905,0.6780989300667446,1.8551247973628635,0.0024561962406717116,48,62,3,"OrderedDict([('betaa1', 14), ('betaa2', 155), ('decay', 0.011237175975402941), ('drop_end', 0.39724650486905905), ('drop_middle', 0.6780989300667446), ('loss_mu', 1.8551247973628635), ('lr', 0.0024561962406717116), ('n_conv2', 48), ('n_conv3', 62), ('n_resid', 3)])",100
50,0.9892385432424328,0.9827863662087555,0.9899022356372374,0.9873090483628084,0.0032094768315799886,37,0.9899778344480895,0.9849499287251587,0.9902095528610639,0.9883791053447707,0.0024266386315364955,1293.262644926707,40.957764260046126,4.6795157591501875,0.04934328489794423,100,1148,0.0002975126095002352,0.1964019998369576,0.31833875255158983,0.08483782989948428,0.00020144703032451173,38,59,2,"OrderedDict([('betaa1', 100), ('betaa2', 1148), ('decay', 0.0002975126095002352), ('drop_end', 0.1964019998369576), ('drop_middle', 0.31833875255158983), ('loss_mu', 0.08483782989948428), ('lr', 0.00020144703032451173), ('n_conv2', 38), ('n_conv3', 59), ('n_resid', 2)])",39
51,0.9769874705802639,0.9794659031785322,0.9812680505220254,0.979240474760274,0.0017547943162037497,115,0.9779157031789829,0.9807880621628422,0.9804775374352916,0.9797271009257056,0.001287109875969952,1038.1625785827637,84.56406313122432,2.953892389933268,0.07215987252109361,96,134,0.0007204433832513862,0.3992785324950264,0.6946972988369661,1.4086697999741453,0.00011351648883610423,39,34,1,"OrderedDict([('betaa1', 96), ('betaa2', 134), ('decay', 0.0007204433832513862), ('drop_end', 0.3992785324950264), ('drop_middle', 0.6946972988369661), ('loss_mu', 1.4086697999741453), ('lr', 0.00011351648883610423), ('n_conv2', 39), ('n_conv3', 34), ('n_resid', 1)])",119
52,0.9892705161423074,0.9842514058860865,0.9912350250853665,0.9882523157045869,0.0029405536189260916,24,0.9906783101280868,0.9871616583279761,0.9917778619323907,0.9898726101294845,0.001968789525768463,1264.6841158866882,40.66277244639464,5.722700039545695,0.042915350322516914,100,1500,0.0001,0.0,0.3,0.01,0.0006427865991870699,32,32,4,"OrderedDict([('betaa1', 100), ('betaa2', 1500), ('decay', 0.0001), ('drop_end', 0.0), ('drop_middle', 0.3), ('loss_mu', 0.01), ('lr', 0.0006427865991870699), ('n_conv2', 32), ('n_conv3', 32), ('n_resid', 4)])",21
53,0.9893687356902795,0.9886595688436597,0.9838664123696645,0.987298238967868,0.0024438773501941863,38,0.9902993867030017,0.9911568144338542,0.9842063370739673,0.9885541794036077,0.0030942522274876425,2007.158886353175,3.058753810703845,7.80545957883199,0.08878398302235292,100,1500,0.0001,0.0,0.3,0.01,0.00036223819973961626,64,32,4,"OrderedDict([('betaa1', 100), ('betaa2', 1500), ('decay', 0.0001), ('drop_end', 0.0), ('drop_middle', 0.3), ('loss_mu', 0.01), ('lr', 0.00036223819973961626), ('n_conv2', 64), ('n_conv3', 32), ('n_resid', 4)])",37
54,0.9767875190781453,0.9872275671057149,0.9904815608878481,0.9848322156905696,0.005841516730724512,64,0.9781902312595216,0.9893694678145177,0.9906606997185838,0.9860734662642078,0.005599158601185874,2008.3402520020802,5.468392932481037,7.8028489748636884,0.027218133211438615,100,1500,0.0001,0.0,0.3,0.01,0.0007015513315689855,64,32,4,"OrderedDict([('betaa1', 100), ('betaa2', 1500), ('decay', 0.0001), ('drop_end', 0.0), ('drop_middle', 0.3), ('loss_mu', 0.01), ('lr', 0.0007015513315689855), ('n_conv2', 64), ('n_conv3', 32), ('n_resid', 4)])",66
55,0.9893139599382955,0.9708083728791501,0.9878030413599909,0.9826417913924789,0.008390195230992726,89,0.9905045038032045,0.973784559912793,0.9877024104506132,0.983997158055537,0.007311443195796645,2151.8675475915275,177.35070544175449,7.843589862187703,0.06149340503790489,51,1151,0.0001,0.4,0.3,0.01,0.0010137992382102318,64,32,4,"OrderedDict([('betaa1', 51), ('betaa2', 1151), ('decay', 0.0001), ('drop_end', 0.4), ('drop_middle', 0.3), ('loss_mu', 0.01), ('lr', 0.0010137992382102318), ('n_conv2', 64), ('n_conv3', 32), ('n_resid', 4)])",87
56,0.9635142472975814,0.9674123540498153,0.9668029439087676,0.9659098484187214,0.0017121183231518634,139,0.9629654139378154,0.9688256505576207,0.9666296675120729,0.966140244002503,0.0024173325297134843,1029.099629799525,6.215628713133037,4.082917372385661,0.04703774060739374,98,405,0.055333733882344374,0.03248953102119657,0.36776278087070124,0.15176680066527914,2.0208312467938633e-05,37,35,2,"OrderedDict([('betaa1', 98), ('betaa2', 405), ('decay', 0.055333733882344374), ('drop_end', 0.03248953102119657), ('drop_middle', 0.36776278087070124), ('loss_mu', 0.15176680066527914), ('lr', 2.0208312467938633e-05), ('n_conv2', 37), ('n_conv3', 35), ('n_resid', 2)])",139
57,0.9823293068413136,0.9905002024088093,0.9922830419034862,0.9883708503845363,0.004333575541008248,22,0.9842574568626449,0.9923622397070745,0.9929278365701977,0.9898491777133057,0.003960680203086316,2577.7455319563546,507.07841416546427,7.598609924316406,0.07792862303728224,97,1181,0.07292693542499962,0.3665508748006549,0.3127642645106878,0.11050173050676228,0.00029378657944037804,58,61,4,"OrderedDict([('betaa1', 97), ('betaa2', 1181), ('decay', 0.07292693542499962), ('drop_end', 0.3665508748006549), ('drop_middle', 0.3127642645106878), ('loss_mu', 0.11050173050676228), ('lr', 0.00029378657944037804), ('n_conv2', 58), ('n_conv3', 61), ('n_resid', 4)])",22
58,0.9628703876771632,0.9675803349021775,0.9401790088085827,0.9568765771293078,0.011962510650209576,142,0.9602739145856029,0.97026612907734,0.9407573720598965,0.9570991385742799,0.012254280537025538,1757.5790989398956,135.1882541566576,6.929957310358684,0.13809980330249302,11,1238,0.07743013801168885,0.019529026970725966,0.5865298154993033,1.9737796630727305,4.7413271209265564e-05,34,49,4,"OrderedDict([('betaa1', 11), ('betaa2', 1238), ('decay', 0.07743013801168885), ('drop_end', 0.019529026970725966), ('drop_middle', 0.5865298154993033), ('loss_mu', 1.9737796630727305), ('lr', 4.7413271209265564e-05), ('n_conv2', 34), ('n_conv3', 49), ('n_resid', 4)])",142
59,0.9801028692623733,0.9800403585507146,0.9816700986803862,0.9806044421644915,0.0007539649658836446,107,0.9805056602288579,0.9819009531263102,0.9811270124726401,0.981177875275936,0.0005707602158464151,1100.4554398854573,54.71181289216062,3.718869765599569,0.0859950931157366,100,1500,0.1,0.0,0.7,0.01,4.785192751174918e-05,64,64,1,"OrderedDict([('betaa1', 100), ('betaa2', 1500), ('decay', 0.1), ('drop_end', 0.0), ('drop_middle', 0.7), ('loss_mu', 0.01), ('lr', 4.785192751174918e-05), ('n_conv2', 64), ('n_conv3', 64), ('n_resid', 1)])",108
60,0.9861032872387081,0.987453456093168,0.9877161181083628,0.9870909538134129,0.0007065700157089824,41,0.9874111113102912,0.9895488637951755,0.987961852482368,0.9883072758626116,0.0009062686891392834,1037.8301752408345,10.564204475668799,3.7125221888224282,0.06744324036274099,85,264,0.007583371158284961,0.007921665705934179,0.3037288636947374,0.04554251598398182,9.841756129401566e-05,64,61,1,"OrderedDict([('betaa1', 85), ('betaa2', 264), ('decay', 0.007583371158284961), ('drop_end', 0.007921665705934179), ('drop_middle', 0.3037288636947374), ('loss_mu', 0.04554251598398182), ('lr', 9.841756129401566e-05), ('n_conv2', 64), ('n_conv3', 61), ('n_resid', 1)])",41
61,0.9871830909298824,0.985974466198752,0.9872137224099661,0.9867904265128669,0.0005771065745312873,44,0.9873736219722263,0.9879643933253208,0.9866788729458361,0.9873389627477943,0.0005253834205582889,1003.8782860438029,9.057996868625965,3.681005318959554,0.04294557465917819,93,358,0.06542579996670864,0.3821890668887231,0.5355102809191626,0.025051719499327378,0.00012535815793227387,60,39,1,"OrderedDict([('betaa1', 93), ('betaa2', 358), ('decay', 0.06542579996670864), ('drop_end', 0.3821890668887231), ('drop_middle', 0.5355102809191626), ('loss_mu', 0.025051719499327378), ('lr', 0.00012535815793227387), ('n_conv2', 60), ('n_conv3', 39), ('n_resid', 1)])",47
62,0.9854686198964738,0.9873570555894522,0.9863356153536337,0.9863870969465198,0.0007718096084023333,48,0.986042644932112,0.9890994130307181,0.986516474307751,0.9872195107568604,0.001343292717850739,1172.7814016342163,127.70366887869517,3.693058808644613,0.03896846938178734,85,1439,0.000394229576615267,0.37997611153446675,0.36180633622758696,0.25926407087427245,0.00014360089370925015,63,53,1,"OrderedDict([('betaa1', 85), ('betaa2', 1439), ('decay', 0.000394229576615267), ('drop_end', 0.37997611153446675), ('drop_middle', 0.36180633622758696), ('loss_mu', 0.25926407087427245), ('lr', 0.00014360089370925015), ('n_conv2', 63), ('n_conv3', 53), ('n_resid', 1)])",50
63,0.9764227067900235,0.986974978659337,0.9902792854872723,0.9845589903122111,0.005909255061249195,68,0.977030744282193,0.9879394177823743,0.9906171045408749,0.9851957555351474,0.00587611312375882,1961.182940006256,20.44988154043881,7.631903568903605,0.11925859598432294,48,734,0.03010169911295757,0.04641840289162628,0.6363358937028297,0.08375899297351375,0.002927756789667027,62,60,4,"OrderedDict([('betaa1', 48), ('betaa2', 734), ('decay', 0.03010169911295757), ('drop_end', 0.04641840289162628), ('drop_middle', 0.6363358937028297), ('loss_mu', 0.08375899297351375), ('lr', 0.002927756789667027), ('n_conv2', 62), ('n_conv3', 60), ('n_resid', 4)])",72
64,0.9844715856121884,0.9816885525130207,0.9856256633971766,0.9839286005074619,0.0016525404980415098,76,0.9853462761791154,0.9839918551024401,0.9861891838932705,0.985175771724942,0.0009051214579354208,1187.7538345654805,45.555503841761265,3.7218774954477944,0.040974688794568274,100,1500,0.0001,0.4,0.3,0.01,9.22181891935533e-05,64,42,1,"OrderedDict([('betaa1', 100), ('betaa2', 1500), ('decay', 0.0001), ('drop_end', 0.4), ('drop_middle', 0.3), ('loss_mu', 0.01), ('lr', 9.22181891935533e-05), ('n_conv2', 64), ('n_conv3', 42), ('n_resid', 1)])",73
65,0.9876151557925535,0.9701517674641483,0.9776279087795362,0.9784649440120794,0.007153924515609541,119,0.9891981180019599,0.9727436048299187,0.9775502609179029,0.9798306612499271,0.006908348581628918,2339.29962627093,249.7856958216168,7.8375091552734375,0.09560144054976384,100,362,0.0008015681633316429,0.24343800474716248,0.6826415879352158,1.8856976262179344,0.0005445586302329054,64,50,4,"OrderedDict([('betaa1', 100), ('betaa2', 362), ('decay', 0.0008015681633316429), ('drop_end', 0.24343800474716248), ('drop_middle', 0.6826415879352158), ('loss_mu', 1.8856976262179344), ('lr', 0.0005445586302329054), ('n_conv2', 64), ('n_conv3', 50), ('n_resid', 4)])",117
66,0.9850599136463827,0.982426401679337,0.9897866304120522,0.9857576485792574,0.003045036100156726,54,0.9854614616426273,0.9850843530759985,0.9897544717367891,0.986766762151805,0.002118231831962809,1237.8964691956837,132.68244175156804,2.889300584793091,0.05447588239789377,94,1234,0.006835309202369512,0.22837148279487038,0.5392312135191615,0.13898506806316482,0.0004113630925177988,32,40,1,"OrderedDict([('betaa1', 94), ('betaa2', 1234), ('decay', 0.006835309202369512), ('drop_end', 0.22837148279487038), ('drop_middle', 0.5392312135191615), ('loss_mu', 0.13898506806316482), ('lr', 0.0004113630925177988), ('n_conv2', 32), ('n_conv3', 40), ('n_resid', 1)])",54
67,0.9853593462727414,0.9735213592780164,0.9896638378217285,0.9828481811241622,0.006825167455143775,87,0.9869982225644892,0.97647757777343,0.9900222006045235,0.9844993336474809,0.005805028640400485,1113.8372513453166,47.614171902232364,3.675915559132894,0.06096139904415414,100,1500,0.1,0.09942536502328102,0.3,0.01,0.0001858670122749933,64,32,1,"OrderedDict([('betaa1', 100), ('betaa2', 1500), ('decay', 0.1), ('drop_end', 0.09942536502328102), ('drop_middle', 0.3), ('loss_mu', 0.01), ('lr', 0.0001858670122749933), ('n_conv2', 64), ('n_conv3', 32), ('n_resid', 1)])",82
68,0.9893291655447716,0.9835185607832921,0.9867007987400989,0.9865161750227208,0.0023757590171417805,47,0.9902112401397547,0.9862340162674346,0.9869746947851163,0.9878066503974351,0.001726980030436547,1883.9952728748322,2.8551210186215488,7.425100326538086,0.07710949312827868,12,630,0.0009594338439117355,0.006105059927753811,0.339256563733903,1.972402301653157,0.0028480940972788237,57,57,4,"OrderedDict([('betaa1', 12), ('betaa2', 630), ('decay', 0.0009594338439117355), ('drop_end', 0.006105059927753811), ('drop_middle', 0.339256563733903), ('loss_mu', 1.972402301653157), ('lr', 0.0028480940972788237), ('n_conv2', 57), ('n_conv3', 57), ('n_resid', 4)])",45
69,0.9887214748157811,0.9809686123340423,0.9931313984421481,0.9876071618639904,0.0050275647845174016,32,0.9897593719319312,0.9830825684098723,0.9934181190285932,0.9887533531234656,0.0042790152317463285,1397.7636426289876,70.00627551255307,4.912481705347697,0.07419481794667095,81,549,0.0032336771633580323,0.21462642135266818,0.46357891821499747,0.017433473033850552,0.002687810988670865,63,38,2,"OrderedDict([('betaa1', 81), ('betaa2', 549), ('decay', 0.0032336771633580323), ('drop_end', 0.21462642135266818), ('drop_middle', 0.46357891821499747), ('loss_mu', 0.017433473033850552), ('lr', 0.002687810988670865), ('n_conv2', 63), ('n_conv3', 38), ('n_resid', 2)])",34
70,0.9912919948172891,0.9873932127284338,0.9925671621591953,0.990417456568306,0.002200916633241691,12,0.9918925864191656,0.9890733697626966,0.9927470993294653,0.9912376851704424,0.0015696589792312525,1093.6385529836018,27.007637490437684,4.374071836471558,0.03439794401714997,86,786,0.08063387768018111,0.0670611076067163,0.6703681766770013,0.05205553185868754,0.0026914163166210153,48,36,2,"OrderedDict([('betaa1', 86), ('betaa2', 786), ('decay', 0.08063387768018111), ('drop_end', 0.0670611076067163), ('drop_middle', 0.6703681766770013), ('loss_mu', 0.05205553185868754), ('lr', 0.0026914163166210153), ('n_conv2', 48), ('n_conv3', 36), ('n_resid', 2)])",12
71,0.9824483396189103,0.9928286988069289,0.9925250840168117,0.9892673741475505,0.004823378443393035,17,0.9839453346041752,0.994757310562652,0.9925358454643365,0.990412830210388,0.004662267070717418,2350.4785560766854,546.4018069458677,7.6005533536275225,0.10622013161588542,70,341,0.06295211916163042,0.04105382088402886,0.3038815539509963,0.11955181809919832,0.0019949666124393023,48,64,4,"OrderedDict([('betaa1', 70), ('betaa2', 341), ('decay', 0.06295211916163042), ('drop_end', 0.04105382088402886), ('drop_middle', 0.3038815539509963), ('loss_mu', 0.11955181809919832), ('lr', 0.0019949666124393023), ('n_conv2', 48), ('n_conv3', 64), ('n_resid', 4)])",18
72,0.9811277638190509,0.9901626950044634,0.988867260681212,0.9867192398349086,0.003988984043454339,45,0.9822554361874629,0.9921814280124102,0.9880323246360699,0.987489729611981,0.004070391909661315,1395.2931436697643,27.386346273048588,5.470139821370442,0.12706728779163362,99,1225,0.00031720895723389407,0.01594548794513492,0.44298807997973544,0.06520380594553528,0.0009785810189662399,48,32,3,"OrderedDict([('betaa1', 99), ('betaa2', 1225), ('decay', 0.00031720895723389407), ('drop_end', 0.01594548794513492), ('drop_middle', 0.44298807997973544), ('loss_mu', 0.06520380594553528), ('lr', 0.0009785810189662399), ('n_conv2', 48), ('n_conv3', 32), ('n_resid', 3)])",46
73,0.9881301790206738,0.989582073514008,0.9814092670624224,0.9863738398657013,0.0035601719756435586,49,0.9890784831345535,0.9913782849316599,0.981212233610117,0.9872230005587769,0.004352720341718825,2088.33682012558,507.349360944645,7.153735001881917,0.058681350898198224,10,1500,0.1,0.0,0.3,0.01,0.003,52,32,4,"OrderedDict([('betaa1', 10), ('betaa2', 1500), ('decay', 0.1), ('drop_end', 0.0), ('drop_middle', 0.3), ('loss_mu', 0.01), ('lr', 0.003), ('n_conv2', 52), ('n_conv3', 32), ('n_resid', 4)])",49
74,0.9595275940408962,0.9485499424888538,0.9542938691572908,0.9541238018956802,0.0044832206098308494,144,0.9583528191037268,0.950942998294994,0.9539728923322794,0.9544229032436667,0.0030417367264616423,1040.1851503054302,12.353016854353502,3.721240282058716,0.02233889635195765,50,1021,0.0035992370654189406,0.3977134330026686,0.34367155335213984,0.24613654501401455,7.702183580268654e-06,64,64,1,"OrderedDict([('betaa1', 50), ('betaa2', 1021), ('decay', 0.0035992370654189406), ('drop_end', 0.3977134330026686), ('drop_middle', 0.34367155335213984), ('loss_mu', 0.24613654501401455), ('lr', 7.702183580268654e-06), ('n_conv2', 64), ('n_conv3', 64), ('n_resid', 1)])",144
75,0.9891020262404308,0.9867791752137925,0.9890523156498205,0.9883111723680147,0.0010834756561218747,23,0.9897085595437486,0.9887035972831707,0.9888677705590105,0.9890933091286432,0.00044018028207424404,1073.38227725029,71.26940199811213,3.3002233505249023,0.06601890601392278,100,1386,0.005590061267205843,0.04846176727553503,0.6067570255759954,0.13444122601492245,0.0008598850996000427,44,53,1,"OrderedDict([('betaa1', 100), ('betaa2', 1386), ('decay', 0.005590061267205843), ('drop_end', 0.04846176727553503), ('drop_middle', 0.6067570255759954), ('loss_mu', 0.13444122601492245), ('lr', 0.0008598850996000427), ('n_conv2', 44), ('n_conv3', 53), ('n_resid', 1)])",29
76,0.9863767658510889,0.9905804175470668,0.9927231133605177,0.9898934322528912,0.0026360315214881097,13,0.9870110563619005,0.992158358722084,0.9924004224715979,0.9905232791851941,0.0024854819230960513,1065.9291450182598,69.28707168299765,3.1281067530314126,0.05096656330506192,14,966,0.015575979720765338,0.05298833342555255,0.6570569536864108,0.16530077740003452,0.0029386239221231916,46,34,1,"OrderedDict([('betaa1', 14), ('betaa2', 966), ('decay', 0.015575979720765338), ('drop_end', 0.05298833342555255), ('drop_middle', 0.6570569536864108), ('loss_mu', 0.16530077740003452), ('lr', 0.0029386239221231916), ('n_conv2', 46), ('n_conv3', 34), ('n_resid', 1)])",16
77,0.9889392940170296,0.9875525031904797,0.9803578815183891,0.9856165595752995,0.0037613001634030584,57,0.9894294604450706,0.9896216982977891,0.9800984331028731,0.9863831972819109,0.004444692298130595,1046.4501411914825,44.05415732853761,3.1170992851257324,0.050924288733080775,95,1424,0.018191481100599264,0.017034259988865767,0.5645449344183971,0.09961221401307159,0.00034685048401771924,46,33,1,"OrderedDict([('betaa1', 95), ('betaa2', 1424), ('decay', 0.018191481100599264), ('drop_end', 0.017034259988865767), ('drop_middle', 0.5645449344183971), ('loss_mu', 0.09961221401307159), ('lr', 0.00034685048401771924), ('n_conv2', 46), ('n_conv3', 33), ('n_resid', 1)])",61
78,0.9901498014556833,0.9905683911144023,0.9920695805332229,0.9909292577011029,0.0008242396280562134,9,0.9910481222699211,0.9928926922324397,0.9922951742347914,0.992078662912384,0.0007684475480709495,1703.7041892210643,102.72233228267856,6.874153772989909,0.04731781025405339,100,100,0.1,0.0,0.6466503355937466,0.01,0.00138681219896292,49,32,4,"OrderedDict([('betaa1', 100), ('betaa2', 100), ('decay', 0.1), ('drop_end', 0.0), ('drop_middle', 0.6466503355937466), ('loss_mu', 0.01), ('lr', 0.00138681219896292), ('n_conv2', 49), ('n_conv3', 32), ('n_resid', 4)])",7
79,0.9883019423517223,0.9879376770799077,0.9910110582392984,0.9890835592236428,0.0013710365029367367,20,0.9894490724892576,0.9906132179892109,0.9912614112496959,0.9904412339093881,0.0007498119046050178,1927.2605032920837,144.07231410457112,7.451696793238322,0.04629303361940692,94,287,0.08541144093172334,0.39182312092381427,0.6349238138965638,0.14310340569355393,0.0007280913537483639,43,58,4,"OrderedDict([('betaa1', 94), ('betaa2', 287), ('decay', 0.08541144093172334), ('drop_end', 0.39182312092381427), ('drop_middle', 0.6349238138965638), ('loss_mu', 0.14310340569355393), ('lr', 0.0007280913537483639), ('n_conv2', 43), ('n_conv3', 58), ('n_resid', 4)])",17
80,0.9796262101795399,0.9707489968854264,0.9747084269302991,0.9750278779984218,0.0036311399225761897,130,0.9813637214097353,0.9742576543589456,0.9749284077406801,0.9768499278364536,0.003203459259553204,2187.7145450909934,251.32825848272714,7.81017820040385,0.08334456109706091,99,448,0.0014379697971158888,0.2984788845431077,0.6199268411073946,0.032832838387300306,0.0001795445085846134,64,39,4,"OrderedDict([('betaa1', 99), ('betaa2', 448), ('decay', 0.0014379697971158888), ('drop_end', 0.2984788845431077), ('drop_middle', 0.6199268411073946), ('loss_mu', 0.032832838387300306), ('lr', 0.0001795445085846134), ('n_conv2', 64), ('n_conv3', 39), ('n_resid', 4)])",130
81,0.981568115070339,0.9877596102595134,0.9922257229477024,0.9871844827591849,0.004369914579495802,39,0.9830319081892193,0.9894131341364565,0.9926470777889724,0.9883640400382161,0.003994856729031014,1823.5141436258953,79.72228609896081,7.018627166748047,0.0334687749325287,100,1500,0.1,0.0,0.7,0.01,0.001737700791098475,51,32,4,"OrderedDict([('betaa1', 100), ('betaa2', 1500), ('decay', 0.1), ('drop_end', 0.0), ('drop_middle', 0.7), ('loss_mu', 0.01), ('lr', 0.001737700791098475), ('n_conv2', 51), ('n_conv3', 32), ('n_resid', 4)])",40
82,0.9823398662902553,0.9826211542715418,0.9922795888188264,0.9857468697935412,0.0046207570901744864,55,0.9835393499129874,0.9850959359364955,0.9931714442552895,0.9872689100349241,0.004221822093131761,1806.542598803838,145.70199982554408,6.757195234298706,0.04863830818723211,100,100,0.1,0.0,0.3,0.01,0.0013323423504901183,47,32,4,"OrderedDict([('betaa1', 100), ('betaa2', 100), ('decay', 0.1), ('drop_end', 0.0), ('drop_middle', 0.3), ('loss_mu', 0.01), ('lr', 0.0013323423504901183), ('n_conv2', 47), ('n_conv3', 32), ('n_resid', 4)])",48
83,0.9806884851854712,0.9734976122165694,0.9759257011359053,0.9767039328459819,0.0029867928127728744,126,0.9814242936904707,0.9750144981412638,0.9764348205537992,0.9776245374618445,0.0027486893224013516,1336.3060677051544,382.1246826470954,3.6941064993540444,0.07817639489982932,96,772,0.05369370657269958,0.0069853350785491946,0.4386704822068844,0.010145733875055067,2.111690005486626e-05,64,36,1,"OrderedDict([('betaa1', 96), ('betaa2', 772), ('decay', 0.05369370657269958), ('drop_end', 0.0069853350785491946), ('drop_middle', 0.4386704822068844), ('loss_mu', 0.010145733875055067), ('lr', 2.111690005486626e-05), ('n_conv2', 64), ('n_conv3', 36), ('n_resid', 1)])",125
84,0.9876478678538541,0.9837760921324156,0.9912964382522774,0.9875734660795157,0.003070619173027793,33,0.9889358799493964,0.9862453447745757,0.991224978633221,0.988802067785731,0.002035127778609209,1047.4873104890187,43.237251812588774,3.227318604787191,0.07362137496803003,98,100,0.0001,0.0,0.3,0.01,0.003,50,32,1,"OrderedDict([('betaa1', 98), ('betaa2', 100), ('decay', 0.0001), ('drop_end', 0.0), ('drop_middle', 0.3), ('loss_mu', 0.01), ('lr', 0.003), ('n_conv2', 50), ('n_conv3', 32), ('n_resid', 1)])",33
85,0.9924336602064476,0.9869252716283519,0.9946312294547087,0.9913300537631695,0.0032412864618472648,6,0.9941586260267609,0.9886511389999163,0.994217015599486,0.9923422602087211,0.0026101256890702987,1646.8926929632823,11.754405275367263,6.125345786412557,0.13008975612190973,92,926,0.014309368114212826,9.499237973211729e-05,0.5442342332380582,1.9321963234091184,0.002923579177646796,62,50,3,"OrderedDict([('betaa1', 92), ('betaa2', 926), ('decay', 0.014309368114212826), ('drop_end', 9.499237973211729e-05), ('drop_middle', 0.5442342332380582), ('loss_mu', 1.9321963234091184), ('lr', 0.002923579177646796), ('n_conv2', 62), ('n_conv3', 50), ('n_resid', 3)])",6
86,0.9614912069356772,0.9750349161312282,0.9727170206344642,0.9697477145671233,0.005914422969012484,137,0.9614116256239189,0.9767211700254353,0.9718030240072265,0.9699786065521936,0.006381844651466243,1021.5477038224539,2.223353021763267,3.7023650805155435,0.02878783818818306,12,590,0.004530979308033822,0.15237211831296912,0.6601159005745174,1.8969058889829298,0.0029167064500564186,62,41,1,"OrderedDict([('betaa1', 12), ('betaa2', 590), ('decay', 0.004530979308033822), ('drop_end', 0.15237211831296912), ('drop_middle', 0.6601159005745174), ('loss_mu', 1.8969058889829298), ('lr', 0.0029167064500564186), ('n_conv2', 62), ('n_conv3', 41), ('n_resid', 1)])",137
87,0.979722145551978,0.9803357428603466,0.9794754496703574,0.9798444460275607,0.000361703513881451,113,0.9808969254029186,0.9817835117533611,0.9791914769134559,0.9806239713565786,0.0010756514572979152,1080.8347464402516,93.82388391936622,3.575660546620687,0.0627597783866591,32,1413,0.02662123362901065,0.027162946158340213,0.333108921980832,1.964174234367714,6.330381079488325e-05,61,46,1,"OrderedDict([('betaa1', 32), ('betaa2', 1413), ('decay', 0.02662123362901065), ('drop_end', 0.027162946158340213), ('drop_middle', 0.333108921980832), ('loss_mu', 1.964174234367714), ('lr', 6.330381079488325e-05), ('n_conv2', 61), ('n_conv3', 46), ('n_resid', 1)])",112
88,0.9817397783645028,0.9892707151215995,0.9917024625195218,0.987570985335208,0.004241114625757907,34,0.9827111960510965,0.9911985102160605,0.9919344404683319,0.9886147155784965,0.004185216477224359,1988.0434384346008,82.28254405185457,7.49301799138387,0.17353388849456589,74,751,0.011105442076294388,0.3754205128584821,0.40303628905408057,0.05808541328579268,0.0029961407391112817,42,62,4,"OrderedDict([('betaa1', 74), ('betaa2', 751), ('decay', 0.011105442076294388), ('drop_end', 0.3754205128584821), ('drop_middle', 0.40303628905408057), ('loss_mu', 0.05808541328579268), ('lr', 0.0029961407391112817), ('n_conv2', 42), ('n_conv3', 62), ('n_resid', 4)])",36
89,0.9908263731374022,0.9880869316145567,0.9857343062138788,0.9882158703219459,0.0020808260028343864,25,0.9919053531190629,0.9903962951057941,0.9849478664489457,0.9890831715579343,0.002988296647498106,1946.2112090587616,37.21953299381778,7.758524576822917,0.005040547279154268,100,1500,0.1,0.0,0.3,0.01,0.003,53,64,4,"OrderedDict([('betaa1', 100), ('betaa2', 1500), ('decay', 0.1), ('drop_end', 0.0), ('drop_middle', 0.3), ('loss_mu', 0.01), ('lr', 0.003), ('n_conv2', 53), ('n_conv3', 64), ('n_resid', 4)])",30
90,0.9851368420107254,0.9839432389741909,0.989780500343194,0.9862868604427035,0.0025179769482570557,50,0.9857774545889337,0.9859064510719178,0.9898208567557238,0.9871682541388584,0.0018764124467373767,1707.3568363189697,30.612517533264207,6.948206265767415,0.08127575384624101,100,1500,0.0001,0.0,0.7,0.01,0.002124445099586025,51,32,4,"OrderedDict([('betaa1', 100), ('betaa2', 1500), ('decay', 0.0001), ('drop_end', 0.0), ('drop_middle', 0.7), ('loss_mu', 0.01), ('lr', 0.002124445099586025), ('n_conv2', 51), ('n_conv3', 32), ('n_resid', 4)])",51
91,0.9893331892505787,0.980776778778892,0.990500625964389,0.9868701979979532,0.0043349775435486465,43,0.9905040620779042,0.9831248008497078,0.9911429691137129,0.9882572773471083,0.0036385699386231435,1967.6906471252441,7.9756606799301215,7.702693144480388,0.05833251580770705,100,100,0.1,0.0,0.3,0.01,0.003,52,64,4,"OrderedDict([('betaa1', 100), ('betaa2', 100), ('decay', 0.1), ('drop_end', 0.0), ('drop_middle', 0.3), ('loss_mu', 0.01), ('lr', 0.003), ('n_conv2', 52), ('n_conv3', 64), ('n_resid', 4)])",42
92,0.9848580725586642,0.9897828143022274,0.9835595265004339,0.9860668044537751,0.002680559936739807,51,0.9851431915744399,0.9918045825530367,0.9829330368620367,0.9866269369965045,0.00377069455096347,1035.2478880087535,46.754066219277895,3.468430678049723,0.11296675568698193,36,444,0.09737517643697079,0.3243626801677982,0.37060112528952655,0.10739053371121944,0.0005948813763463012,35,61,1,"OrderedDict([('betaa1', 36), ('betaa2', 444), ('decay', 0.09737517643697079), ('drop_end', 0.3243626801677982), ('drop_middle', 0.37060112528952655), ('loss_mu', 0.10739053371121944), ('lr', 0.0005948813763463012), ('n_conv2', 35), ('n_conv3', 61), ('n_resid', 1)])",57
93,0.9899072620287019,0.9932217791167219,0.9911736625337029,0.9914342345597089,0.0013656327513273377,4,0.9911893219987441,0.9948087682030357,0.991094270923809,0.9923641203751963,0.0017290625452985686,1778.999480565389,78.37761727044122,6.998162905375163,0.097512740847689,100,100,0.1,0.0,0.3,0.01,0.0019428528339599208,51,32,4,"OrderedDict([('betaa1', 100), ('betaa2', 100), ('decay', 0.1), ('drop_end', 0.0), ('drop_middle', 0.3), ('loss_mu', 0.01), ('lr', 0.0019428528339599208), ('n_conv2', 51), ('n_conv3', 32), ('n_resid', 4)])",5
94,0.9883867069387006,0.9898701407707566,0.9911894713626579,0.989815439690705,0.0011448773617493769,14,0.9892758966014337,0.991812154456774,0.9907406621964353,0.9906095710848809,0.0010395638947302975,2021.3993952274323,92.65834108796358,7.684622764587402,0.06153754939545989,100,1500,0.1,0.0,0.3,0.01,0.0017576662037249798,50,64,4,"OrderedDict([('betaa1', 100), ('betaa2', 1500), ('decay', 0.1), ('drop_end', 0.0), ('drop_middle', 0.3), ('loss_mu', 0.01), ('lr', 0.0017576662037249798), ('n_conv2', 50), ('n_conv3', 64), ('n_resid', 4)])",15
95,0.9846371688868036,0.9836538373005029,0.9847309545396793,0.984340653575662,0.00048715937435902433,70,0.9850375437429664,0.9861229672694748,0.9847827523190771,0.9853144211105059,0.0005811137787669325,1101.7098808288574,79.1552933620131,3.519560178120931,0.03055357906739732,85,391,0.00017175046618892907,0.26798666587921094,0.5162070290732085,0.16370471923754176,7.799043667857926e-05,52,63,1,"OrderedDict([('betaa1', 85), ('betaa2', 391), ('decay', 0.00017175046618892907), ('drop_end', 0.26798666587921094), ('drop_middle', 0.5162070290732085), ('loss_mu', 0.16370471923754176), ('lr', 7.799043667857926e-05), ('n_conv2', 52), ('n_conv3', 63), ('n_resid', 1)])",70
96,0.8577687299726157,0.8654256196220496,0.8742907735287565,0.865828374374474,0.006751105556904689,147,0.857331531757628,0.8678571819884283,0.8736228162457005,0.8662705099972522,0.006744856488392457,1364.9317869345348,4.382688027085475,4.881005048751831,0.05521497520718948,61,1103,0.014051106464939261,0.3162068053644498,0.6784617433431559,1.938056903364521,1.2691695064810139e-05,64,39,2,"OrderedDict([('betaa1', 61), ('betaa2', 1103), ('decay', 0.014051106464939261), ('drop_end', 0.3162068053644498), ('drop_middle', 0.6784617433431559), ('loss_mu', 1.938056903364521), ('lr', 1.2691695064810139e-05), ('n_conv2', 64), ('n_conv3', 39), ('n_resid', 2)])",147
97,0.9789413910124373,0.9782992502489466,0.9800677211764839,0.9791027874792892,0.0007309395643144874,117,0.9793845558252489,0.9800549598904325,0.9800675537643746,0.9798356898266855,0.0003190413419963639,1028.0714804331462,12.475002395705955,3.711559851964315,0.036796038367430436,100,100,0.1,0.4,0.3,0.01,3.08588875463928e-05,63,39,1,"OrderedDict([('betaa1', 100), ('betaa2', 100), ('decay', 0.1), ('drop_end', 0.4), ('drop_middle', 0.3), ('loss_mu', 0.01), ('lr', 3.08588875463928e-05), ('n_conv2', 63), ('n_conv3', 39), ('n_resid', 1)])",116
98,0.8227897383853174,0.8301887835228331,0.8187318842405445,0.8239034687162318,0.004743095453999406,148,0.8235664090543353,0.8318304273695392,0.8178417218497029,0.8244128527578591,0.005742143661131002,1565.028875986735,18.24030061614841,6.0786629517873125,0.007143267769577956,83,572,0.0001,0.0,0.6381611475700051,0.01,5.041806407469029e-06,43,61,3,"OrderedDict([('betaa1', 83), ('betaa2', 572), ('decay', 0.0001), ('drop_end', 0.0), ('drop_middle', 0.6381611475700051), ('loss_mu', 0.01), ('lr', 5.041806407469029e-06), ('n_conv2', 43), ('n_conv3', 61), ('n_resid', 3)])",148
99,0.7470567481236636,0.7630888453908504,0.7307593672851115,0.7469683202665419,0.013198602281095265,150,0.7470368857176467,0.7649375129272996,0.7337856748775319,0.7485866911741593,0.012764812994700616,2060.451462984085,106.38213113427534,7.856246789296468,0.015564144545765754,10,1500,0.1,0.4,0.7,2.0,1e-06,64,32,4,"OrderedDict([('betaa1', 10), ('betaa2', 1500), ('decay', 0.1), ('drop_end', 0.4), ('drop_middle', 0.7), ('loss_mu', 2.0), ('lr', 1e-06), ('n_conv2', 64), ('n_conv3', 32), ('n_resid', 4)])",150
100,0.9827474554618004,0.9811095934836683,0.9820337579855113,0.9819636023103266,0.0006704920227828466,95,0.9829138417262016,0.9830080638398973,0.9818936372164123,0.9826051809275037,0.0005046056488470978,989.3392280737559,5.778826558409481,3.4700915813446045,0.04865649911361613,100,1500,0.1,0.4,0.6591198049862831,2.0,0.0006865152988361456,32,64,1,"OrderedDict([('betaa1', 100), ('betaa2', 1500), ('decay', 0.1), ('drop_end', 0.4), ('drop_middle', 0.6591198049862831), ('loss_mu', 2.0), ('lr', 0.0006865152988361456), ('n_conv2', 32), ('n_conv3', 64), ('n_resid', 1)])",97
101,0.9848951751276827,0.9760546497558084,0.9691460474395794,0.9766986241076901,0.006445659157316962,127,0.9855267027920428,0.9782953489672137,0.9712160094500226,0.978346020403093,0.005842425961769974,1357.243623971939,14.992940689181587,4.9065163135528564,0.07336553465316158,84,1389,0.0005208099974221075,0.4,0.637493150209646,2.0,0.0002253618539918701,64,62,2,"OrderedDict([('betaa1', 84), ('betaa2', 1389), ('decay', 0.0005208099974221075), ('drop_end', 0.4), ('drop_middle', 0.637493150209646), ('loss_mu', 2.0), ('lr', 0.0002253618539918701), ('n_conv2', 64), ('n_conv3', 62), ('n_resid', 2)])",123
102,0.9919908469362748,0.9908807503195148,0.9911699901163045,0.9913471957906981,0.00047019854878086695,5,0.9932368907029919,0.9925468219806021,0.9921346419761664,0.9926394515532535,0.0004547330662006036,2066.426210641861,95.37429313217106,7.823511123657227,0.022915469287738365,100,100,0.1,0.0,0.6170347901609894,0.01,0.002377649788894414,64,59,4,"OrderedDict([('betaa1', 100), ('betaa2', 100), ('decay', 0.1), ('drop_end', 0.0), ('drop_middle', 0.6170347901609894), ('loss_mu', 0.01), ('lr', 0.002377649788894414), ('n_conv2', 64), ('n_conv3', 59), ('n_resid', 4)])",4
103,0.9619185367191386,0.9833275556786581,0.9825857341307476,0.9759439421761814,0.009922082223608476,129,0.9632011722360642,0.9858922631858458,0.983549611923705,0.9775476824485384,0.010189496886221339,1926.434049685796,208.18232138602738,7.075737953186035,0.0838962662673714,58,1440,0.03618397223078822,0.2851723425541521,0.31678860297610906,1.9882279173222415,0.00036175463520999825,40,52,4,"OrderedDict([('betaa1', 58), ('betaa2', 1440), ('decay', 0.03618397223078822), ('drop_end', 0.2851723425541521), ('drop_middle', 0.31678860297610906), ('loss_mu', 1.9882279173222415), ('lr', 0.00036175463520999825), ('n_conv2', 40), ('n_conv3', 52), ('n_resid', 4)])",126
104,0.9819160655857823,0.9925995460580457,0.9908879169661591,0.9884678428699957,0.004685207766542077,21,0.9825970701691599,0.994016333119043,0.9916715033179307,0.9894283022020445,0.004924351396504137,2002.238271633784,3.4728529971189914,7.789317687352498,0.0801179400822558,94,1500,0.08986039730086416,0.0,0.3,0.01,0.0025194088148908322,64,45,4,"OrderedDict([('betaa1', 94), ('betaa2', 1500), ('decay', 0.08986039730086416), ('drop_end', 0.0), ('drop_middle', 0.3), ('loss_mu', 0.01), ('lr', 0.0025194088148908322), ('n_conv2', 64), ('n_conv3', 45), ('n_resid', 4)])",25
105,0.9846398643250862,0.9842310282274109,0.9848732002567747,0.9845813642697573,0.0002654090191627709,66,0.984805341612958,0.9866753752410767,0.9844332348955981,0.9853046505832109,0.000981081178441107,1207.4474448362987,81.44615463052864,3.725904623667399,0.022584541382177817,94,1161,0.0014272597825966367,0.3999692597234702,0.5035782851847472,0.01,6.654959603434866e-05,64,64,1,"OrderedDict([('betaa1', 94), ('betaa2', 1161), ('decay', 0.0014272597825966367), ('drop_end', 0.3999692597234702), ('drop_middle', 0.5035782851847472), ('loss_mu', 0.01), ('lr', 6.654959603434866e-05), ('n_conv2', 64), ('n_conv3', 64), ('n_resid', 1)])",71
106,0.9742625380895997,0.9921594664716401,0.9858120231143864,0.9840780092252088,0.007408558766897756,74,0.9754203270643715,0.993797733180535,0.985577960601744,0.9849320069488835,0.007516435590572316,2106.907275994619,200.6624353746465,7.727239370346069,0.1736014581213613,53,1010,0.010028991843099713,0.0,0.45872018731298647,0.01,0.002335338121472348,64,64,4,"OrderedDict([('betaa1', 53), ('betaa2', 1010), ('decay', 0.010028991843099713), ('drop_end', 0.0), ('drop_middle', 0.45872018731298647), ('loss_mu', 0.01), ('lr', 0.002335338121472348), ('n_conv2', 64), ('n_conv3', 64), ('n_resid', 4)])",75
107,0.9766609613037767,0.9814172099485764,0.9929430028672075,0.9836737247065201,0.006835939999148413,79,0.977822784305055,0.9838405442043772,0.9928685904874405,0.9848439729989575,0.006183268980554009,1919.085754474004,113.50427636612213,7.470776240030925,0.0627189110908422,100,100,0.1,0.0,0.7,0.01,0.0009604783283945973,32,64,4,"OrderedDict([('betaa1', 100), ('betaa2', 100), ('decay', 0.1), ('drop_end', 0.0), ('drop_middle', 0.7), ('loss_mu', 0.01), ('lr', 0.0009604783283945973), ('n_conv2', 32), ('n_conv3', 64), ('n_resid', 4)])",77
108,0.97913473452256,0.9787296886729663,0.9824244120892787,0.9800962784282683,0.0016545231523947548,111,0.978977886180273,0.9806452693070968,0.9815891644373413,0.9804041066415703,0.0010796027378600214,1774.1315437952678,157.05296874072323,6.225638786951701,0.18912813118667682,57,475,0.0001731553550345415,0.01507173520570309,0.5086185511140251,0.013886629343383866,3.765674994810325e-05,62,61,3,"OrderedDict([('betaa1', 57), ('betaa2', 475), ('decay', 0.0001731553550345415), ('drop_end', 0.01507173520570309), ('drop_middle', 0.5086185511140251), ('loss_mu', 0.013886629343383866), ('lr', 3.765674994810325e-05), ('n_conv2', 62), ('n_conv3', 61), ('n_resid', 3)])",114
109,0.9771087375149523,0.9897376665291179,0.9737514219510184,0.9801992753316962,0.006882517559016075,110,0.9777398895201411,0.9913888364032759,0.9726236306152937,0.9805841188462369,0.007920457369407314,1746.636887550354,1.4669846514963762,7.311822970708211,0.06580613007224154,100,660,0.0010836247351989398,0.0,0.3110479466839495,0.01,0.002591237150219987,35,55,4,"OrderedDict([('betaa1', 100), ('betaa2', 660), ('decay', 0.0010836247351989398), ('drop_end', 0.0), ('drop_middle', 0.3110479466839495), ('loss_mu', 0.01), ('lr', 0.002591237150219987), ('n_conv2', 35), ('n_conv3', 55), ('n_resid', 4)])",113
110,0.989847512220506,0.987934379958054,0.9897432306493185,0.9891750409426262,0.000878312177038827,19,0.9904818975324567,0.9902185314587583,0.9899567661466837,0.9902190650459662,0.00021438432252609462,1331.7081013520558,51.97511755609197,5.843534390131633,0.04414800573048822,100,1500,0.1,0.09690626967792425,0.6194816125203615,0.01,0.0005061308432629812,32,32,4,"OrderedDict([('betaa1', 100), ('betaa2', 1500), ('decay', 0.1), ('drop_end', 0.09690626967792425), ('drop_middle', 0.6194816125203615), ('loss_mu', 0.01), ('lr', 0.0005061308432629812), ('n_conv2', 32), ('n_conv3', 32), ('n_resid', 4)])",19
111,0.9878159298201683,0.9905730337733367,0.9860198380726004,0.9881362672220352,0.001872584632814052,26,0.9892972098471731,0.9926369105850128,0.9860381836500715,0.9893241013607524,0.0026939860993958433,1308.4055599371593,39.9194488603219,4.7311937014261884,0.04437517101986155,100,1089,0.1,0.07436401381905879,0.3,0.01,0.0004489562444768856,32,64,2,"OrderedDict([('betaa1', 100), ('betaa2', 1089), ('decay', 0.1), ('drop_end', 0.07436401381905879), ('drop_middle', 0.3), ('loss_mu', 0.01), ('lr', 0.0004489562444768856), ('n_conv2', 32), ('n_conv3', 64), ('n_resid', 2)])",26
112,0.9868967686930255,0.98150400265033,0.9914905645980133,0.9866304453137895,0.004081343813866118,46,0.9877134582996947,0.983982481762026,0.9917382107494006,0.9878113836037071,0.003167020161526738,1276.5437586307526,59.36880517762276,5.800017595291138,0.15610218858093983,100,433,0.0001,0.4,0.32195212439486065,0.01,0.00048703447996268094,32,32,4,"OrderedDict([('betaa1', 100), ('betaa2', 433), ('decay', 0.0001), ('drop_end', 0.4), ('drop_middle', 0.32195212439486065), ('loss_mu', 0.01), ('lr', 0.00048703447996268094), ('n_conv2', 32), ('n_conv3', 32), ('n_resid', 4)])",44
113,0.991169927587523,0.9879605567703444,0.9953247033361611,0.9914850625646763,0.003014647154707189,3,0.9928525659280322,0.990011336892417,0.9962687697599277,0.9930442241934591,0.0025581785435319078,2123.0343080361686,191.6647652299167,7.769686778386434,0.08396016128668554,100,1342,0.0156869581243828,0.0,0.5046010956893219,2.0,0.00199899439307858,64,64,4,"OrderedDict([('betaa1', 100), ('betaa2', 1342), ('decay', 0.0156869581243828), ('drop_end', 0.0), ('drop_middle', 0.5046010956893219), ('loss_mu', 2.0), ('lr', 0.00199899439307858), ('n_conv2', 64), ('n_conv3', 64), ('n_resid', 4)])",3
114,0.9816283928509818,0.9852270648311792,0.9946368083797614,0.9871640886873073,0.005484448602290927,40,0.9828711439436147,0.9875809486541635,0.9954365674182676,0.988629553338682,0.005183122971892184,1925.361601114273,1.6863615422811802,7.596692323684692,0.025682543062110375,31,1294,0.027190503661187606,0.01805579001229898,0.3110914377204356,1.9983037027645583,0.0016723775694275503,59,57,4,"OrderedDict([('betaa1', 31), ('betaa2', 1294), ('decay', 0.027190503661187606), ('drop_end', 0.01805579001229898), ('drop_middle', 0.3110914377204356), ('loss_mu', 1.9983037027645583), ('lr', 0.0016723775694275503), ('n_conv2', 59), ('n_conv3', 57), ('n_resid', 4)])",35
115,0.9807532034922744,0.9824241053701874,0.9787035896423478,0.9806269661682698,0.0015215148628377618,106,0.9814202035378483,0.983985872208402,0.9792011631866033,0.9815357463109512,0.001955057152639874,1464.8253300189972,57.85700972502699,4.996729373931885,0.041863946787300196,24,1463,0.05099425569730443,0.3701240362974475,0.3709534548913995,1.8751902320457088,0.00010889392408485485,64,39,2,"OrderedDict([('betaa1', 24), ('betaa2', 1463), ('decay', 0.05099425569730443), ('drop_end', 0.3701240362974475), ('drop_middle', 0.3709534548913995), ('loss_mu', 1.8751902320457088), ('lr', 0.00010889392408485485), ('n_conv2', 64), ('n_conv3', 39), ('n_resid', 2)])",106
116,0.9871956733469371,0.9926721661398908,0.9895060138562501,0.9897912844476926,0.002244850078227193,15,0.9893729587468492,0.994287570226682,0.9897149511864641,0.9911251600533317,0.0022405160544794584,1088.628280321757,45.688376713576766,3.863198677698771,0.13279444887386893,100,100,0.1,0.0,0.5588821584959542,0.01,0.0024032489022396725,34,32,2,"OrderedDict([('betaa1', 100), ('betaa2', 100), ('decay', 0.1), ('drop_end', 0.0), ('drop_middle', 0.5588821584959542), ('loss_mu', 0.01), ('lr', 0.0024032489022396725), ('n_conv2', 34), ('n_conv3', 32), ('n_resid', 2)])",13
117,0.9867167078581508,0.9905604124131202,0.9861132906911496,0.98779680365414,0.0019696324697586207,30,0.988001909114382,0.992564541465187,0.9872427168814925,0.9892697224870205,0.0023503144875788697,1790.1529375712078,75.30900955759923,6.932336648305257,0.04752184667614187,100,123,0.1,0.07271972140901911,0.5296875596638198,1.106991501218234,0.001822211354499126,51,32,4,"OrderedDict([('betaa1', 100), ('betaa2', 123), ('decay', 0.1), ('drop_end', 0.07271972140901911), ('drop_middle', 0.5296875596638198), ('loss_mu', 1.106991501218234), ('lr', 0.001822211354499126), ('n_conv2', 51), ('n_conv3', 32), ('n_resid', 4)])",27
118,0.9801904404397284,0.9842448894833666,0.9794642861963359,0.9812998720398103,0.0021034369974619526,100,0.9801915530022663,0.9857472859658439,0.9796521905291319,0.9818636764990808,0.002754940391019506,2068.3688374360404,65.78111953628373,7.913381656010945,0.015104328213521683,100,353,0.0001,0.4,0.4224460136564522,0.9303559759706775,4.967131039502673e-05,64,64,4,"OrderedDict([('betaa1', 100), ('betaa2', 353), ('decay', 0.0001), ('drop_end', 0.4), ('drop_middle', 0.4224460136564522), ('loss_mu', 0.9303559759706775), ('lr', 4.967131039502673e-05), ('n_conv2', 64), ('n_conv3', 64), ('n_resid', 4)])",101
119,0.9882522295776255,0.988584680253018,0.9768938752131239,0.9845769283479224,0.005434434037812102,67,0.9898306742234423,0.9915583335662578,0.9771137518674219,0.9861675865523739,0.006440763079948195,1801.9203440348308,74.03201098878127,6.410995244979858,0.1615693132749321,68,1376,0.0005585682580344364,0.07999030902471792,0.32638337887367486,1.9722740762087951,0.0008803589048157237,64,40,3,"OrderedDict([('betaa1', 68), ('betaa2', 1376), ('decay', 0.0005585682580344364), ('drop_end', 0.07999030902471792), ('drop_middle', 0.32638337887367486), ('loss_mu', 1.9722740762087951), ('lr', 0.0008803589048157237), ('n_conv2', 64), ('n_conv3', 40), ('n_resid', 3)])",64
120,0.9821055521182388,0.9817169144330493,0.9871034936488436,0.9836419867333771,0.0024527919339606442,80,0.9820118540395125,0.9836102831428011,0.9870719660910954,0.9842313677578031,0.0021119490315642197,997.1513790289561,9.311735850571143,3.3715694745381675,0.006555241853060404,98,703,0.0019987101157660243,0.06242408633425178,0.6962488990996064,0.07071375792387431,0.0002471780057212981,38,51,1,"OrderedDict([('betaa1', 98), ('betaa2', 703), ('decay', 0.0019987101157660243), ('drop_end', 0.06242408633425178), ('drop_middle', 0.6962488990996064), ('loss_mu', 0.07071375792387431), ('lr', 0.0002471780057212981), ('n_conv2', 38), ('n_conv3', 51), ('n_resid', 1)])",85
121,0.9749197804221502,0.9701488150666704,0.9713957095996743,0.9721547683628317,0.0020203391233885606,132,0.9743474056651168,0.9718641962713473,0.9712870235903137,0.9724995418422594,0.0013277129726970522,1603.7483143806458,24.932964161994605,6.228268623352051,0.11078921488011456,36,334,0.00015049791838157013,0.05665852935258969,0.6392565138383738,0.02544126918333567,2.547121717813953e-05,41,63,3,"OrderedDict([('betaa1', 36), ('betaa2', 334), ('decay', 0.00015049791838157013), ('drop_end', 0.05665852935258969), ('drop_middle', 0.6392565138383738), ('loss_mu', 0.02544126918333567), ('lr', 2.547121717813953e-05), ('n_conv2', 41), ('n_conv3', 63), ('n_resid', 3)])",133
122,0.9864651762267546,0.9812971179841196,0.8969922462839861,0.9549181801649534,0.04101412414023949,143,0.9873945312350166,0.9835125289990777,0.8969234895598096,0.955943516597968,0.0417635421472578,1546.9465170701344,30.54877142994303,6.0740305582682295,0.0538323329821165,26,388,0.0027217281132433263,0.3922626220776556,0.30065737133229425,0.052713210593043465,0.00031454191483896977,34,61,3,"OrderedDict([('betaa1', 26), ('betaa2', 388), ('decay', 0.0027217281132433263), ('drop_end', 0.3922626220776556), ('drop_middle', 0.30065737133229425), ('loss_mu', 0.052713210593043465), ('lr', 0.00031454191483896977), ('n_conv2', 34), ('n_conv3', 61), ('n_resid', 3)])",143
123,0.989260423532161,0.995521663391637,0.99458719981334,0.993123095579046,0.0027578351474940965,1,0.9904261968108082,0.9975446571819884,0.9948715186047321,0.9942807908658429,0.002935965367658523,2960.049398501714,1346.8539807690888,5.009961764017741,0.04051259892161335,100,1500,0.015560370138015383,0.0,0.6884329966834594,0.01,0.00044557109681541026,64,39,2,"OrderedDict([('betaa1', 100), ('betaa2', 1500), ('decay', 0.015560370138015383), ('drop_end', 0.0), ('drop_middle', 0.6884329966834594), ('loss_mu', 0.01), ('lr', 0.00044557109681541026), ('n_conv2', 64), ('n_conv3', 39), ('n_resid', 2)])",1
124,0.9886260285125573,0.9898699517283568,0.9905990388771893,0.9896983397060346,0.0008145675701010239,16,0.9898006187307787,0.9915799717695728,0.9909083458986208,0.9907629787996575,0.0007336543256248937,1667.5217266877492,20.73213595275177,6.411369164784749,0.06760522668003682,100,100,0.07742637635811368,0.0,0.3,0.01,0.00214347597385781,64,32,3,"OrderedDict([('betaa1', 100), ('betaa2', 100), ('decay', 0.07742637635811368), ('drop_end', 0.0), ('drop_middle', 0.3), ('loss_mu', 0.01), ('lr', 0.00214347597385781), ('n_conv2', 64), ('n_conv3', 32), ('n_resid', 3)])",14
125,0.9837609958320632,0.98090119647826,0.9793857988192834,0.9813493303765355,0.0018140571873100717,98,0.9853857434959782,0.9846284973586381,0.9789328089497272,0.9829823499347811,0.002880097460197354,1932.9944706757863,52.37977001612057,7.534261465072632,0.01721557062887213,100,1500,0.0001,0.0,0.45881023273532007,0.01,0.0004790609925994464,59,50,4,"OrderedDict([('betaa1', 100), ('betaa2', 1500), ('decay', 0.0001), ('drop_end', 0.0), ('drop_middle', 0.45881023273532007), ('loss_mu', 0.01), ('lr', 0.0004790609925994464), ('n_conv2', 59), ('n_conv3', 50), ('n_resid', 4)])",93
126,0.9852577143554797,0.9832982707869132,0.9887400251969451,0.9857653367797793,0.002250397469931975,52,0.9858889552806365,0.9854322218184868,0.988886595559879,0.9867359242196674,0.0015321426770087824,1073.920952240626,40.97968932877988,3.804642915725708,0.11277836079279543,100,100,0.017713741429768694,0.0,0.7,0.01,0.0021502181676248387,64,61,1,"OrderedDict([('betaa1', 100), ('betaa2', 100), ('decay', 0.017713741429768694), ('drop_end', 0.0), ('drop_middle', 0.7), ('loss_mu', 0.01), ('lr', 0.0021502181676248387), ('n_conv2', 64), ('n_conv3', 61), ('n_resid', 1)])",55
127,0.9648564977557947,0.9620199529582446,0.9864477281267445,0.9711080596135946,0.010908423936485022,134,0.9661773188126411,0.9657954481929731,0.9866314268839247,0.9728680646298463,0.009733415354515712,1672.63401166598,49.482195231117984,6.426285107930501,0.03031915236035957,20,661,0.0005667801454319393,0.018337897089851785,0.4760992174113693,0.021981179574003546,0.00012298981297189878,60,58,3,"OrderedDict([('betaa1', 20), ('betaa2', 661), ('decay', 0.0005667801454319393), ('drop_end', 0.018337897089851785), ('drop_middle', 0.4760992174113693), ('loss_mu', 0.021981179574003546), ('lr', 0.00012298981297189878), ('n_conv2', 60), ('n_conv3', 58), ('n_resid', 3)])",132
128,0.97617859456091,0.9899895432864615,0.9897254534496293,0.9852978637656669,0.006449198347190134,62,0.9775441157487584,0.9918521606059759,0.9896309349268664,0.9863424037605336,0.00628706952578033,1082.4720044930775,3.372479004588991,4.416091124216716,0.04385248468691092,100,167,0.07211306143364668,0.29645589841380654,0.3579029302561587,1.7143575949967012,0.0010035151831750539,36,48,2,"OrderedDict([('betaa1', 100), ('betaa2', 167), ('decay', 0.07211306143364668), ('drop_end', 0.29645589841380654), ('drop_middle', 0.3579029302561587), ('loss_mu', 1.7143575949967012), ('lr', 0.0010035151831750539), ('n_conv2', 36), ('n_conv3', 48), ('n_resid', 2)])",62
129,0.9884815252325925,0.9837511941363587,0.9775603036806867,0.9832643410165459,0.00447184074825691,83,0.990470935476112,0.9862096374765911,0.9768602716881492,0.9845136148802841,0.005684476620447927,1983.7069024244945,39.06296029529839,7.781824509302775,0.06427268829089045,10,100,0.003724444149681868,0.0,0.3,0.01,0.002160042688482839,64,64,4,"OrderedDict([('betaa1', 10), ('betaa2', 100), ('decay', 0.003724444149681868), ('drop_end', 0.0), ('drop_middle', 0.3), ('loss_mu', 0.01), ('lr', 0.002160042688482839), ('n_conv2', 64), ('n_conv3', 64), ('n_resid', 4)])",81
130,0.9811105074564381,0.9214306815547861,0.9874538636395539,0.963331684216926,0.02974144201823398,140,0.9817956882153426,0.9269104214998463,0.9873129388875378,0.9653396828675755,0.02726678211911455,2246.2616816361747,261.33160523741407,7.826046387354533,0.05610601123799321,100,1500,0.1,0.4,0.7,0.8989065265340433,0.0011988285233245726,64,32,4,"OrderedDict([('betaa1', 100), ('betaa2', 1500), ('decay', 0.1), ('drop_end', 0.4), ('drop_middle', 0.7), ('loss_mu', 0.8989065265340433), ('lr', 0.0011988285233245726), ('n_conv2', 64), ('n_conv3', 32), ('n_resid', 4)])",140
131,0.9789511723967202,0.9851828622700682,0.9902268480909099,0.9847869609192328,0.004611779772121946,65,0.9790579740525192,0.9875076054448388,0.9899479220373137,0.9855045005115572,0.004665980697787318,1038.4518809318542,41.47007191886184,3.318453311920166,0.12420393582580426,97,522,0.08741866261525245,0.01856033552501626,0.48682920162200816,1.2603343542255305,0.0007029601990892678,44,50,1,"OrderedDict([('betaa1', 97), ('betaa2', 522), ('decay', 0.08741866261525245), ('drop_end', 0.01856033552501626), ('drop_middle', 0.48682920162200816), ('loss_mu', 1.2603343542255305), ('lr', 0.0007029601990892678), ('n_conv2', 44), ('n_conv3', 50), ('n_resid', 1)])",68
132,0.9834717058342936,0.9808726343956908,0.9845734286417693,0.9829725896239179,0.00155151694728025,85,0.9838012552737109,0.9825503312183804,0.9847272945836083,0.9836929603585665,0.0008920344593010084,1391.4043352603912,78.53619390307371,4.964325507481893,0.11674486559009363,100,1270,0.04156320579846161,0.0,0.7,0.642066979063998,7.191963267715409e-05,64,64,2,"OrderedDict([('betaa1', 100), ('betaa2', 1270), ('decay', 0.04156320579846161), ('drop_end', 0.0), ('drop_middle', 0.7), ('loss_mu', 0.642066979063998), ('lr', 7.191963267715409e-05), ('n_conv2', 64), ('n_conv3', 64), ('n_resid', 2)])",90
133,0.9697795685022352,0.9842545139655405,0.9813600184266494,0.9784647002981418,0.00625396737228269,120,0.9704007187105477,0.985853302400984,0.9808896904422749,0.9790479038512688,0.006441517371064681,985.5985641479492,8.485184081190857,2.736001412073771,0.039722121458304165,100,100,0.0001,0.0,0.46662388890067563,2.0,0.003,32,32,1,"OrderedDict([('betaa1', 100), ('betaa2', 100), ('decay', 0.0001), ('drop_end', 0.0), ('drop_middle', 0.46662388890067563), ('loss_mu', 2.0), ('lr', 0.003), ('n_conv2', 32), ('n_conv3', 32), ('n_resid', 1)])",120
134,0.9768075486855065,0.977253167449888,0.9775426670789071,0.9772011277381005,0.000302358354474941,124,0.9765722907329466,0.979153052240266,0.9765397060765035,0.9774216830165722,0.001224335188724865,995.7009988625845,10.927757560146476,2.939253807067871,0.06162994817007874,100,1341,0.1,0.0,0.7,2.0,0.00015723832378134004,32,39,1,"OrderedDict([('betaa1', 100), ('betaa2', 1341), ('decay', 0.1), ('drop_end', 0.0), ('drop_middle', 0.7), ('loss_mu', 2.0), ('lr', 0.00015723832378134004), ('n_conv2', 32), ('n_conv3', 39), ('n_resid', 1)])",128
135,0.9909382366049277,0.9893986523456447,0.9911984921245373,0.9905117936917033,0.0007942484817320629,11,0.991957989720907,0.9909511921066607,0.9908559385748532,0.9912550401341402,0.0004985792481187828,1060.2693105538685,99.24199763659166,2.783623456954956,0.06370869149489582,100,100,0.0001,0.4,0.3,0.01,0.003,32,32,1,"OrderedDict([('betaa1', 100), ('betaa2', 100), ('decay', 0.0001), ('drop_end', 0.4), ('drop_middle', 0.3), ('loss_mu', 0.01), ('lr', 0.003), ('n_conv2', 32), ('n_conv3', 32), ('n_resid', 1)])",11
136,0.9229557540415791,0.9895377597514853,0.9771026068697084,0.9631987068875909,0.028905359331480817,141,0.9230326458145559,0.9919672918355368,0.9770321648195116,0.9640107008232014,0.02961041763709618,1022.2449332078298,10.582824535250527,3.8380556106567383,0.037629234736871034,100,1500,0.0001,0.0,0.6747327253809982,0.5216872479165805,0.0010141900742547116,32,32,2,"OrderedDict([('betaa1', 100), ('betaa2', 1500), ('decay', 0.0001), ('drop_end', 0.0), ('drop_middle', 0.6747327253809982), ('loss_mu', 0.5216872479165805), ('lr', 0.0010141900742547116), ('n_conv2', 32), ('n_conv3', 32), ('n_resid', 2)])",141
137,0.9887414988655371,0.9888460313706298,0.9845663087636275,0.9873846129999314,0.001993298913431674,36,0.9901291463314139,0.9914113271095956,0.9857967633672652,0.9891124122694248,0.0024022409841339483,2138.4190549055734,182.36498177893094,7.806589762369792,0.07039688706376983,100,100,0.1,0.0,0.3,1.148681519017258,0.003,64,64,4,"OrderedDict([('betaa1', 100), ('betaa2', 100), ('decay', 0.1), ('drop_end', 0.0), ('drop_middle', 0.3), ('loss_mu', 1.148681519017258), ('lr', 0.003), ('n_conv2', 64), ('n_conv3', 64), ('n_resid', 4)])",28
138,0.9784065827115633,0.9763350441151567,0.9759587191489942,0.9769001153252382,0.001076255270087136,125,0.9784511665020222,0.9786808354529445,0.9754249369419451,0.9775189796323039,0.0014836774241814177,1374.344607035319,109.07769012556155,5.5085670948028564,0.04152542003812435,98,117,0.05068873653948547,0.3592241479208269,0.3532412248128841,0.024146272663551585,4.114173475539874e-05,44,35,3,"OrderedDict([('betaa1', 98), ('betaa2', 117), ('decay', 0.05068873653948547), ('drop_end', 0.3592241479208269), ('drop_middle', 0.3532412248128841), ('loss_mu', 0.024146272663551585), ('lr', 4.114173475539874e-05), ('n_conv2', 44), ('n_conv3', 35), ('n_resid', 3)])",127
139,0.9930092502106554,0.9859666487395162,0.9838893467006777,0.9876217485502832,0.003902791867840802,31,0.9951451901298081,0.9888925552729405,0.9851254462703679,0.9897210638910389,0.00413228239192294,1983.5434782505035,245.65850844452285,6.502739191055298,0.013682160508967544,100,100,0.1,0.0,0.3106021291549511,0.9746671353294774,0.0003106219055161722,64,64,3,"OrderedDict([('betaa1', 100), ('betaa2', 100), ('decay', 0.1), ('drop_end', 0.0), ('drop_middle', 0.3106021291549511), ('loss_mu', 0.9746671353294774), ('lr', 0.0003106219055161722), ('n_conv2', 64), ('n_conv3', 64), ('n_resid', 3)])",23
140,0.9716275443158954,0.9717382112825931,0.9722545772380579,0.9718734442788489,0.00027326244262750455,133,0.9712180824534734,0.9731547586438213,0.9720111274015911,0.9721279894996285,0.0007949512475757578,1049.7819234530132,10.362385662742675,4.182945489883423,0.01168127465200219,99,794,0.003723974118078844,0.06175856003014665,0.3681038783433318,0.16221930541350818,2.491321615420838e-05,37,35,2,"OrderedDict([('betaa1', 99), ('betaa2', 794), ('decay', 0.003723974118078844), ('drop_end', 0.06175856003014665), ('drop_middle', 0.3681038783433318), ('loss_mu', 0.16221930541350818), ('lr', 2.491321615420838e-05), ('n_conv2', 37), ('n_conv3', 35), ('n_resid', 2)])",134
141,0.9910260134136569,0.9908575537050553,0.9917024287760235,0.9911953319649119,0.00036510733603074645,8,0.991995600673216,0.9928105151354221,0.9912475252753361,0.9920178803613248,0.0006382823899913212,1545.4727671146393,66.31357242917133,4.915331919987996,0.058547779359566614,10,100,0.1,0.0,0.5536351915411201,0.01,0.001788190831551293,64,50,2,"OrderedDict([('betaa1', 10), ('betaa2', 100), ('decay', 0.1), ('drop_end', 0.0), ('drop_middle', 0.5536351915411201), ('loss_mu', 0.01), ('lr', 0.001788190831551293), ('n_conv2', 64), ('n_conv3', 50), ('n_resid', 2)])",8
142,0.9767772208366251,0.981917888744233,0.9838886099676314,0.9808612398494965,0.002997815205357563,104,0.9773630810646108,0.9842081840288452,0.9839178709655007,0.9818297120196523,0.0031606080095542754,1039.4956476688385,39.30955078451786,2.9179736773173013,0.04007610674902123,100,103,0.1,0.0,0.3,0.01,0.0004304723117276601,36,35,1,"OrderedDict([('betaa1', 100), ('betaa2', 103), ('decay', 0.1), ('drop_end', 0.0), ('drop_middle', 0.3), ('loss_mu', 0.01), ('lr', 0.0004304723117276601), ('n_conv2', 36), ('n_conv3', 35), ('n_resid', 1)])",102
143,0.9849942894500123,0.9851196720679269,0.9779980355885028,0.9827039990354808,0.0033280123370602248,88,0.9859128867272853,0.9873185496268552,0.9782587958169753,0.983830077390372,0.003981068183654434,1127.3680659135182,21.147077174428524,5.172053575515747,0.0774533061836885,10,1244,0.1,0.0,0.7,0.01,0.00047056441386042865,32,36,3,"OrderedDict([('betaa1', 10), ('betaa2', 1244), ('decay', 0.1), ('drop_end', 0.0), ('drop_middle', 0.7), ('loss_mu', 0.01), ('lr', 0.00047056441386042865), ('n_conv2', 32), ('n_conv3', 36), ('n_resid', 3)])",89
144,0.9732490199497558,0.9890858038543212,0.9806316144005374,0.9809888127348714,0.006470271714928931,102,0.9736328646687539,0.9908002277999833,0.9804468109648056,0.9816266344778476,0.007058025071331653,2096.7840603987374,167.94685511799418,7.848389069239299,0.1422780783101066,10,175,0.1,0.0,0.561996019521225,0.01,0.0018744743518514914,64,64,4,"OrderedDict([('betaa1', 10), ('betaa2', 175), ('decay', 0.1), ('drop_end', 0.0), ('drop_middle', 0.561996019521225), ('loss_mu', 0.01), ('lr', 0.0018744743518514914), ('n_conv2', 64), ('n_conv3', 64), ('n_resid', 4)])",103
145,0.9033942915129952,0.92818393772116,0.9224843513401839,0.9180208601914464,0.010601059843482278,146,0.9018648507112186,0.932849352936244,0.9204139248862175,0.9183760428445601,0.012731183944549557,2061.2849918206534,120.26703390565015,7.842631737391154,0.0688416546509663,100,582,0.06991823197672119,0.0316609424644488,0.3,2.0,2.7813470447702393e-05,64,60,4,"OrderedDict([('betaa1', 100), ('betaa2', 582), ('decay', 0.06991823197672119), ('drop_end', 0.0316609424644488), ('drop_middle', 0.3), ('loss_mu', 2.0), ('lr', 2.7813470447702393e-05), ('n_conv2', 64), ('n_conv3', 60), ('n_resid', 4)])",146
146,0.9894821441719135,0.991489444606329,0.9949038881688276,0.9919584923156899,0.0022381288773230612,2,0.9905056975798072,0.9938387287922409,0.9956387353646249,0.993327720578891,0.002126478508500966,2424.116742451986,73.44327044175581,7.848714987436931,0.03911358491055997,10,100,0.1,0.18485585416820177,0.47982200340742287,2.0,0.0014739165771018563,64,34,4,"OrderedDict([('betaa1', 10), ('betaa2', 100), ('decay', 0.1), ('drop_end', 0.18485585416820177), ('drop_middle', 0.47982200340742287), ('loss_mu', 2.0), ('lr', 0.0014739165771018563), ('n_conv2', 64), ('n_conv3', 34), ('n_resid', 4)])",2
147,0.9789659778556574,0.9793221141932632,0.9792566062121151,0.979181566087012,0.00015477195702589972,116,0.9795337513411535,0.9810550199849065,0.9788782614737866,0.9798223442666155,0.0009117871869404826,1051.635108391444,14.721591142661376,3.8516520659128823,0.07550087473127923,100,981,0.0001,0.4,0.7,1.0346029214846486,4.058070022032357e-05,64,32,1,"OrderedDict([('betaa1', 100), ('betaa2', 981), ('decay', 0.0001), ('drop_end', 0.4), ('drop_middle', 0.7), ('loss_mu', 1.0346029214846486), ('lr', 4.058070022032357e-05), ('n_conv2', 64), ('n_conv3', 32), ('n_resid', 1)])",118
148,0.9865550204644342,0.9871988215408165,0.982425531248639,0.9853931244179632,0.002114801309887493,60,0.9884616123548263,0.9899207591469379,0.9825503609769656,0.9869775774929099,0.003186687088447836,1142.6216366291046,140.7032896778921,3.744626045227051,0.0954947474454035,100,100,0.1,0.0,0.3,0.9962186254487192,0.00012267873644852627,64,63,1,"OrderedDict([('betaa1', 100), ('betaa2', 100), ('decay', 0.1), ('drop_end', 0.0), ('drop_middle', 0.3), ('loss_mu', 0.9962186254487192), ('lr', 0.00012267873644852627), ('n_conv2', 64), ('n_conv3', 63), ('n_resid', 1)])",53
149,0.9780085303896937,0.9914877765851549,0.9873735259940115,0.9856232776562867,0.005640333703617474,56,0.9788018502609159,0.9937498854012357,0.9869100691380327,0.9864872682667282,0.006109828643076677,2129.9309939543405,201.85989387530088,7.732223749160767,0.15162419238387043,100,1175,0.1,0.4,0.3,1.0748109432635624,0.0014053002138659614,64,32,4,"OrderedDict([('betaa1', 100), ('betaa2', 1175), ('decay', 0.1), ('drop_end', 0.4), ('drop_middle', 0.3), ('loss_mu', 1.0748109432635624), ('lr', 0.0014053002138659614), ('n_conv2', 64), ('n_conv3', 32), ('n_resid', 4)])",59
